cellsNuc,leiden
1.0,1
2.0,6
3.0,1
4.0,1
5.0,1
6.0,4
7.0,1
8.0,2
9.0,1
10.0,1
11.0,3
12.0,4
13.0,1
14.0,4
15.0,2
16.0,1
17.0,7
18.0,1
19.0,1
20.0,2
21.0,1
22.0,4
23.0,1
24.0,1
25.0,6
26.0,6
28.0,1
29.0,4
30.0,1
31.0,1
32.0,1
33.0,6
34.0,4
35.0,4
36.0,1
37.0,1
38.0,6
39.0,4
40.0,4
41.0,3
42.0,2
43.0,1
44.0,1
45.0,1
46.0,2
47.0,1
48.0,1
49.0,1
50.0,2
51.0,2
52.0,1
53.0,2
54.0,7
55.0,1
56.0,1
57.0,1
58.0,4
59.0,2
60.0,2
61.0,1
62.0,1
63.0,4
64.0,7
65.0,1
66.0,1
67.0,1
68.0,4
69.0,1
70.0,6
71.0,2
72.0,7
73.0,0
74.0,0
75.0,3
76.0,1
77.0,1
78.0,2
79.0,1
80.0,4
81.0,1
82.0,1
83.0,3
84.0,0
85.0,1
86.0,0
87.0,4
88.0,2
89.0,1
90.0,1
91.0,7
92.0,1
93.0,3
94.0,1
95.0,3
96.0,6
97.0,2
98.0,7
99.0,4
100.0,0
101.0,3
102.0,2
103.0,4
104.0,1
105.0,0
106.0,2
107.0,2
108.0,3
109.0,6
110.0,0
111.0,1
112.0,3
113.0,4
114.0,3
115.0,7
116.0,5
117.0,0
118.0,6
119.0,3
120.0,0
121.0,6
122.0,5
123.0,1
124.0,3
125.0,1
126.0,5
127.0,5
128.0,4
129.0,7
130.0,1
131.0,0
132.0,1
133.0,2
134.0,1
135.0,3
136.0,7
137.0,7
138.0,1
139.0,8
140.0,8
141.0,0
142.0,2
143.0,6
144.0,5
145.0,7
146.0,11
147.0,4
148.0,2
149.0,0
150.0,0
151.0,6
152.0,0
153.0,1
154.0,6
155.0,2
156.0,6
157.0,1
158.0,0
159.0,1
160.0,2
161.0,8
162.0,4
163.0,6
164.0,1
165.0,2
166.0,1
167.0,8
168.0,6
169.0,1
170.0,4
171.0,7
172.0,0
173.0,0
174.0,11
175.0,1
176.0,0
177.0,0
178.0,0
179.0,7
180.0,7
181.0,4
182.0,1
183.0,0
184.0,5
185.0,1
186.0,7
187.0,2
188.0,0
189.0,7
190.0,3
191.0,1
192.0,1
193.0,4
194.0,8
195.0,0
196.0,4
197.0,7
198.0,0
199.0,3
200.0,3
201.0,5
202.0,5
203.0,4
204.0,0
205.0,2
206.0,0
207.0,1
208.0,0
209.0,2
210.0,6
211.0,1
212.0,7
213.0,8
214.0,8
215.0,8
216.0,2
217.0,0
218.0,3
219.0,2
220.0,1
221.0,3
222.0,0
223.0,2
224.0,1
225.0,5
226.0,7
227.0,3
228.0,2
229.0,6
230.0,2
231.0,1
232.0,2
233.0,4
234.0,3
235.0,0
236.0,10
237.0,0
238.0,1
239.0,6
240.0,6
241.0,5
242.0,2
243.0,1
244.0,1
245.0,0
246.0,6
247.0,2
248.0,0
249.0,3
250.0,0
251.0,4
252.0,0
253.0,0
254.0,10
255.0,3
256.0,0
257.0,3
258.0,1
259.0,0
260.0,0
261.0,0
262.0,6
263.0,0
264.0,3
265.0,0
266.0,0
267.0,1
268.0,0
269.0,1
270.0,1
271.0,3
272.0,0
273.0,3
274.0,0
275.0,7
276.0,2
277.0,0
278.0,1
279.0,0
280.0,11
281.0,1
282.0,3
283.0,5
284.0,1
285.0,1
286.0,0
287.0,1
288.0,1
289.0,3
290.0,6
291.0,0
292.0,1
293.0,6
294.0,7
295.0,0
296.0,0
297.0,0
298.0,11
299.0,2
300.0,1
301.0,0
302.0,4
303.0,7
304.0,2
305.0,0
306.0,1
307.0,0
308.0,0
309.0,1
310.0,0
311.0,2
312.0,2
313.0,5
314.0,0
315.0,2
316.0,0
317.0,7
318.0,7
319.0,0
320.0,0
321.0,0
322.0,2
323.0,2
324.0,0
325.0,3
326.0,11
327.0,6
328.0,0
329.0,0
330.0,8
331.0,0
332.0,0
333.0,0
334.0,0
335.0,0
336.0,7
337.0,4
338.0,6
339.0,2
340.0,0
341.0,4
342.0,4
343.0,10
344.0,3
345.0,0
346.0,3
347.0,0
348.0,4
349.0,0
350.0,2
351.0,1
352.0,9
353.0,1
354.0,0
355.0,2
356.0,0
357.0,0
358.0,4
359.0,8
360.0,2
361.0,8
362.0,0
363.0,2
364.0,2
365.0,1
366.0,11
367.0,0
368.0,0
369.0,3
370.0,2
371.0,6
372.0,2
373.0,0
374.0,5
375.0,11
376.0,2
377.0,8
378.0,1
379.0,1
380.0,0
381.0,0
382.0,3
383.0,0
384.0,10
385.0,0
386.0,2
387.0,2
388.0,3
389.0,0
390.0,2
391.0,3
392.0,2
393.0,0
395.0,0
396.0,4
397.0,6
398.0,0
399.0,0
400.0,2
401.0,0
403.0,3
404.0,0
405.0,0
406.0,1
407.0,0
408.0,2
409.0,3
410.0,0
411.0,0
412.0,0
413.0,8
414.0,0
415.0,2
416.0,0
417.0,2
418.0,2
419.0,2
420.0,2
421.0,1
422.0,2
423.0,6
424.0,0
425.0,0
426.0,8
427.0,0
428.0,0
429.0,6
430.0,2
431.0,1
432.0,10
433.0,0
434.0,6
435.0,3
436.0,0
437.0,4
438.0,0
439.0,4
440.0,0
441.0,0
442.0,0
443.0,7
444.0,2
445.0,3
447.0,0
448.0,4
449.0,0
450.0,0
451.0,4
452.0,6
453.0,6
454.0,0
455.0,0
456.0,1
457.0,1
458.0,1
459.0,0
460.0,0
461.0,3
462.0,1
463.0,6
464.0,3
466.0,2
467.0,1
468.0,2
469.0,0
470.0,0
471.0,0
472.0,0
473.0,1
474.0,2
475.0,1
476.0,0
477.0,0
478.0,1
479.0,0
480.0,1
481.0,6
483.0,0
484.0,2
485.0,1
486.0,0
487.0,8
488.0,5
489.0,0
490.0,0
491.0,2
492.0,3
493.0,2
494.0,3
495.0,0
496.0,0
497.0,0
498.0,0
499.0,0
500.0,0
501.0,2
502.0,0
503.0,0
504.0,6
505.0,2
506.0,3
507.0,6
508.0,0
509.0,0
510.0,0
511.0,2
512.0,0
513.0,0
514.0,0
515.0,0
516.0,4
517.0,2
519.0,0
520.0,0
521.0,2
522.0,0
523.0,0
524.0,5
526.0,6
527.0,3
528.0,5
529.0,3
530.0,0
531.0,3
532.0,0
533.0,0
534.0,3
535.0,3
536.0,4
537.0,0
538.0,2
539.0,1
540.0,5
541.0,1
542.0,2
543.0,6
544.0,0
545.0,7
546.0,0
547.0,0
548.0,0
549.0,0
550.0,0
551.0,1
552.0,0
553.0,0
554.0,0
555.0,2
556.0,2
557.0,1
558.0,6
559.0,5
560.0,0
561.0,0
562.0,0
563.0,2
564.0,0
565.0,2
566.0,7
567.0,3
569.0,1
570.0,0
571.0,3
572.0,0
573.0,0
574.0,2
575.0,3
576.0,0
577.0,3
578.0,1
579.0,1
580.0,4
581.0,2
582.0,0
583.0,0
584.0,1
586.0,0
587.0,0
589.0,0
590.0,1
591.0,1
592.0,0
593.0,0
595.0,1
596.0,5
597.0,0
598.0,2
599.0,3
600.0,7
601.0,0
602.0,6
603.0,0
604.0,2
605.0,0
606.0,0
607.0,3
608.0,1
609.0,6
610.0,1
611.0,1
612.0,1
613.0,6
614.0,0
615.0,0
616.0,0
617.0,4
618.0,2
619.0,6
620.0,0
621.0,2
622.0,5
623.0,1
624.0,1
625.0,3
626.0,7
628.0,7
629.0,1
630.0,0
631.0,2
632.0,2
633.0,1
634.0,1
635.0,10
636.0,2
637.0,0
638.0,3
639.0,7
640.0,3
641.0,2
642.0,2
643.0,3
644.0,0
645.0,3
646.0,2
647.0,0
648.0,0
649.0,2
650.0,2
651.0,0
652.0,0
653.0,3
654.0,1
655.0,0
657.0,3
658.0,0
659.0,1
660.0,0
661.0,0
662.0,5
663.0,5
664.0,1
665.0,0
666.0,1
667.0,2
668.0,0
669.0,1
670.0,3
671.0,0
672.0,2
673.0,0
674.0,4
675.0,7
676.0,2
677.0,0
678.0,0
679.0,3
680.0,0
681.0,0
682.0,8
683.0,2
684.0,2
685.0,0
686.0,0
687.0,2
688.0,7
689.0,1
690.0,5
691.0,7
692.0,6
694.0,0
695.0,0
696.0,2
697.0,9
698.0,3
699.0,1
700.0,2
701.0,3
702.0,3
703.0,9
704.0,5
705.0,2
707.0,5
708.0,2
709.0,6
710.0,7
711.0,0
712.0,8
713.0,0
714.0,0
715.0,3
716.0,0
717.0,0
718.0,2
719.0,8
720.0,0
721.0,5
722.0,2
723.0,1
724.0,8
725.0,2
726.0,0
727.0,0
728.0,1
729.0,1
730.0,0
731.0,0
732.0,0
733.0,1
734.0,0
735.0,3
736.0,3
737.0,2
738.0,3
739.0,2
740.0,0
741.0,7
743.0,0
744.0,0
745.0,0
747.0,7
748.0,6
749.0,7
750.0,2
751.0,0
752.0,9
753.0,0
754.0,0
755.0,1
756.0,3
757.0,2
758.0,1
759.0,10
760.0,1
761.0,1
762.0,1
763.0,7
764.0,10
765.0,3
766.0,0
767.0,0
768.0,0
769.0,6
770.0,1
771.0,2
772.0,7
773.0,3
774.0,8
775.0,2
776.0,5
777.0,4
778.0,1
779.0,3
780.0,7
781.0,8
782.0,10
783.0,0
784.0,0
785.0,0
786.0,0
787.0,0
788.0,0
789.0,7
790.0,3
791.0,0
792.0,0
793.0,0
795.0,0
796.0,3
797.0,0
798.0,2
799.0,2
800.0,2
801.0,6
802.0,6
803.0,1
804.0,7
805.0,9
806.0,5
807.0,0
808.0,6
809.0,1
810.0,2
811.0,1
812.0,2
813.0,2
814.0,1
816.0,0
817.0,0
818.0,1
819.0,7
820.0,8
821.0,0
822.0,2
823.0,0
824.0,2
825.0,6
826.0,2
827.0,7
828.0,9
829.0,0
830.0,3
831.0,6
832.0,3
833.0,3
834.0,1
835.0,0
836.0,7
837.0,0
838.0,0
839.0,2
840.0,5
841.0,0
842.0,0
843.0,6
844.0,1
845.0,0
846.0,1
847.0,3
848.0,1
849.0,1
850.0,3
851.0,0
852.0,9
853.0,0
854.0,1
855.0,7
856.0,9
857.0,2
858.0,9
859.0,0
860.0,3
861.0,0
862.0,1
863.0,2
864.0,1
865.0,1
866.0,5
867.0,5
868.0,6
869.0,2
870.0,7
871.0,1
872.0,0
873.0,3
874.0,7
875.0,9
876.0,7
877.0,1
878.0,3
879.0,10
880.0,9
881.0,9
882.0,1
883.0,0
884.0,1
885.0,2
886.0,5
887.0,2
888.0,1
889.0,0
890.0,3
891.0,4
893.0,1
894.0,0
895.0,0
896.0,1
897.0,2
898.0,0
899.0,2
900.0,2
901.0,0
902.0,8
903.0,3
904.0,7
905.0,9
906.0,9
907.0,1
908.0,8
909.0,0
910.0,2
911.0,3
912.0,0
913.0,6
914.0,1
915.0,2
916.0,9
917.0,0
918.0,0
919.0,4
920.0,1
921.0,2
922.0,1
923.0,5
924.0,0
925.0,0
926.0,2
927.0,1
928.0,1
929.0,8
930.0,0
931.0,2
932.0,1
933.0,1
934.0,6
935.0,4
936.0,8
937.0,2
938.0,1
939.0,1
940.0,9
941.0,3
942.0,0
943.0,1
944.0,0
945.0,2
946.0,2
947.0,9
948.0,1
949.0,9
950.0,0
951.0,2
952.0,4
953.0,3
954.0,8
955.0,7
956.0,0
957.0,0
958.0,9
959.0,0
960.0,0
961.0,0
962.0,7
963.0,0
964.0,0
965.0,2
966.0,2
967.0,7
968.0,7
969.0,7
970.0,2
971.0,1
972.0,0
973.0,8
974.0,7
975.0,7
976.0,2
977.0,3
978.0,3
979.0,0
980.0,0
981.0,0
982.0,2
983.0,1
984.0,0
985.0,0
986.0,3
987.0,1
988.0,1
989.0,9
990.0,2
991.0,1
992.0,9
993.0,1
994.0,2
995.0,10
996.0,9
997.0,2
998.0,0
999.0,0
1000.0,9
1001.0,2
1002.0,0
1003.0,2
1004.0,7
1005.0,5
1006.0,1
1007.0,3
1008.0,0
1009.0,2
1010.0,0
1011.0,1
1012.0,1
1013.0,1
1014.0,9
1015.0,1
1016.0,0
1017.0,4
1018.0,5
1019.0,0
1020.0,2
1021.0,3
1022.0,5
1023.0,6
1024.0,2
1025.0,0
1026.0,8
1027.0,9
1028.0,8
1029.0,2
1030.0,0
1031.0,0
1032.0,0
1033.0,1
1034.0,0
1035.0,2
1036.0,4
1037.0,2
1038.0,2
1039.0,9
1040.0,0
1041.0,7
1042.0,4
1043.0,3
1044.0,0
1045.0,0
1046.0,0
1047.0,4
1048.0,0
1049.0,0
1050.0,10
1051.0,2
1052.0,9
1053.0,2
1054.0,1
1055.0,1
1056.0,2
1057.0,6
1058.0,9
1059.0,2
1060.0,0
1061.0,2
1062.0,4
1063.0,6
1064.0,2
1065.0,4
1066.0,0
1067.0,0
1068.0,0
1069.0,0
1070.0,1
1071.0,0
1072.0,0
1073.0,0
1074.0,0
1075.0,7
1076.0,0
1077.0,0
1078.0,2
1079.0,0
1080.0,5
1081.0,0
1082.0,5
1083.0,10
1084.0,0
1085.0,0
1086.0,2
1087.0,3
1088.0,0
1089.0,0
1090.0,0
1091.0,7
1092.0,0
1093.0,6
1094.0,9
1095.0,0
1096.0,1
1097.0,9
1098.0,0
1099.0,0
1100.0,0
1101.0,0
1102.0,9
1103.0,8
1104.0,1
1105.0,10
1106.0,1
1107.0,0
1108.0,9
1109.0,4
1110.0,0
1111.0,0
1112.0,0
1113.0,4
1114.0,0
1115.0,10
1116.0,2
1117.0,1
1118.0,1
1119.0,1
1120.0,1
1121.0,0
1122.0,2
1123.0,7
1124.0,0
1125.0,3
1126.0,0
1127.0,4
1128.0,4
1129.0,0
1130.0,0
1131.0,0
1132.0,0
1133.0,5
1134.0,0
1135.0,0
1136.0,0
1137.0,0
1138.0,2
1139.0,3
1140.0,9
1141.0,2
1142.0,11
1143.0,1
1144.0,2
1145.0,0
1146.0,4
1147.0,0
1148.0,7
1149.0,1
1150.0,1
1151.0,0
1152.0,1
1153.0,9
1155.0,0
1156.0,1
1158.0,1
1159.0,0
1160.0,0
1161.0,2
1162.0,4
1163.0,0
1164.0,0
1165.0,7
1166.0,6
1167.0,1
1168.0,1
1169.0,1
1170.0,2
1171.0,9
1172.0,3
1173.0,2
1174.0,1
1175.0,9
1176.0,1
1177.0,7
1178.0,0
1179.0,0
1180.0,0
1181.0,0
1182.0,4
1183.0,0
1184.0,0
1185.0,0
1186.0,7
1187.0,1
1188.0,3
1189.0,8
1190.0,8
1191.0,0
1192.0,1
1193.0,3
1194.0,0
1195.0,0
1196.0,0
1197.0,1
1198.0,6
1199.0,7
1200.0,1
1201.0,1
1202.0,0
1203.0,5
1204.0,1
1205.0,2
1206.0,8
1207.0,8
1208.0,0
1209.0,3
1210.0,5
1211.0,1
1212.0,0
1213.0,3
1214.0,1
1215.0,0
1216.0,0
1217.0,4
1218.0,3
1219.0,0
1220.0,2
1221.0,0
1222.0,11
1223.0,0
1224.0,0
1225.0,3
1226.0,2
1227.0,2
1228.0,7
1229.0,8
1230.0,2
1231.0,0
1232.0,10
1233.0,0
1234.0,0
1235.0,7
1236.0,0
1237.0,0
1238.0,3
1239.0,0
1240.0,2
1241.0,0
1242.0,0
1243.0,4
1244.0,0
1245.0,6
1246.0,0
1247.0,0
1248.0,6
1249.0,1
1250.0,0
1251.0,0
1252.0,2
1253.0,2
1254.0,2
1255.0,4
1256.0,6
1257.0,0
1258.0,0
1259.0,6
1260.0,2
1261.0,0
1262.0,1
1263.0,2
1264.0,1
1265.0,0
1266.0,1
1267.0,4
1268.0,0
1269.0,1
1270.0,0
1271.0,0
1272.0,0
1273.0,0
1274.0,2
1275.0,3
1276.0,0
1277.0,0
1278.0,3
1279.0,6
1280.0,0
1281.0,0
1282.0,9
1283.0,5
1284.0,0
1285.0,0
1286.0,0
1287.0,0
1288.0,1
1289.0,4
1290.0,1
1291.0,7
1292.0,0
1293.0,4
1294.0,4
1295.0,3
1296.0,4
1297.0,0
1298.0,0
1299.0,0
1300.0,0
1301.0,2
1302.0,1
1303.0,0
1304.0,0
1305.0,0
1306.0,1
1307.0,0
1308.0,3
1309.0,2
1310.0,6
1311.0,0
1312.0,11
1313.0,0
1314.0,8
1315.0,0
1316.0,1
1317.0,0
1318.0,2
1319.0,0
1320.0,2
1321.0,0
1322.0,6
1323.0,2
1324.0,1
1325.0,7
1326.0,2
1327.0,4
1328.0,3
1329.0,1
1330.0,1
1331.0,3
1332.0,2
1333.0,0
1334.0,9
1335.0,0
1336.0,4
1337.0,2
1339.0,9
1340.0,2
1341.0,0
1342.0,2
1343.0,4
1344.0,0
1347.0,2
1348.0,1
1349.0,0
1350.0,0
1351.0,6
1352.0,2
1353.0,2
1354.0,1
1355.0,0
1356.0,0
1357.0,4
1358.0,2
1359.0,1
1360.0,1
1361.0,10
1362.0,1
1363.0,5
1364.0,0
1365.0,0
1366.0,1
1367.0,1
1368.0,0
1369.0,0
1370.0,0
1371.0,2
1372.0,2
1373.0,0
1374.0,2
1375.0,3
1376.0,3
1377.0,2
1378.0,0
1379.0,2
1380.0,0
1381.0,0
1382.0,0
1383.0,0
1384.0,3
1385.0,5
1386.0,2
1387.0,1
1388.0,6
1389.0,4
1390.0,1
1391.0,4
1392.0,0
1393.0,4
1394.0,2
1395.0,2
1396.0,1
1397.0,0
1398.0,3
1399.0,0
1400.0,1
1401.0,5
1402.0,2
1403.0,0
1404.0,0
1405.0,1
1406.0,4
1407.0,8
1408.0,0
1409.0,11
1410.0,2
1411.0,2
1412.0,0
1413.0,2
1414.0,0
1415.0,4
1416.0,8
1417.0,1
1418.0,2
1419.0,0
1420.0,0
1421.0,3
1422.0,3
1423.0,2
1424.0,4
1425.0,2
1426.0,0
1427.0,2
1428.0,0
1429.0,2
1430.0,0
1431.0,0
1432.0,0
1433.0,1
1434.0,5
1435.0,6
1436.0,6
1437.0,0
1438.0,3
1439.0,2
1440.0,2
1441.0,0
1442.0,4
1443.0,1
1444.0,5
1445.0,6
1446.0,1
1447.0,3
1448.0,0
1449.0,1
1450.0,2
1451.0,1
1452.0,2
1453.0,2
1454.0,0
1455.0,2
1456.0,5
1457.0,6
1458.0,6
1459.0,2
1460.0,3
1461.0,0
1462.0,6
1463.0,6
1464.0,10
1465.0,8
1466.0,1
1467.0,9
1468.0,2
1469.0,4
1470.0,5
1471.0,3
1472.0,0
1473.0,0
1474.0,1
1475.0,1
1476.0,5
1477.0,0
1478.0,5
1479.0,3
1480.0,10
1481.0,0
1482.0,2
1483.0,4
1484.0,0
1485.0,0
1486.0,1
1487.0,0
1488.0,3
1489.0,0
1490.0,4
1491.0,2
1492.0,6
1493.0,0
1494.0,3
1495.0,2
1496.0,1
1497.0,3
1498.0,6
1499.0,0
1500.0,0
1501.0,7
1502.0,2
1503.0,6
1504.0,4
1505.0,2
1506.0,1
1507.0,2
1508.0,5
1509.0,0
1510.0,0
1511.0,1
1512.0,1
1513.0,6
1514.0,8
1515.0,1
1516.0,3
1517.0,1
1518.0,2
1519.0,10
1520.0,1
1521.0,0
1522.0,2
1523.0,0
1524.0,0
1525.0,0
1526.0,4
1527.0,0
1528.0,1
1529.0,1
1530.0,6
1531.0,2
1532.0,1
1533.0,3
1534.0,3
1535.0,0
1536.0,0
1537.0,0
1538.0,4
1539.0,5
1540.0,6
1541.0,2
1542.0,1
1543.0,2
1544.0,3
1545.0,1
1546.0,5
1547.0,8
1548.0,0
1549.0,2
1550.0,6
1551.0,5
1552.0,0
1553.0,0
1554.0,2
1555.0,6
1556.0,2
1557.0,0
1558.0,0
1559.0,3
1560.0,2
1561.0,1
1562.0,0
1563.0,2
1564.0,6
1565.0,1
1566.0,2
1567.0,5
1568.0,0
1569.0,3
1570.0,0
1571.0,8
1572.0,6
1573.0,0
1574.0,1
1575.0,1
1576.0,2
1577.0,0
1578.0,2
1579.0,0
1580.0,1
1581.0,0
1583.0,2
1584.0,1
1585.0,6
1586.0,3
1587.0,0
1588.0,4
1589.0,6
1590.0,0
1591.0,0
1592.0,0
1593.0,1
1594.0,0
1595.0,3
1596.0,3
1597.0,0
1598.0,1
1599.0,0
1600.0,2
1601.0,1
1602.0,3
1603.0,3
1604.0,0
1605.0,10
1606.0,0
1607.0,1
1608.0,3
1609.0,0
1610.0,10
1611.0,2
1612.0,2
1613.0,0
1614.0,0
1615.0,3
1616.0,2
1617.0,5
1618.0,1
1619.0,1
1620.0,1
1621.0,1
1622.0,2
1623.0,3
1624.0,0
1625.0,5
1626.0,3
1627.0,3
1628.0,0
1629.0,4
1630.0,0
1631.0,0
1632.0,1
1633.0,2
1634.0,3
1635.0,0
1636.0,3
1637.0,0
1638.0,8
1639.0,0
1640.0,1
1641.0,1
1642.0,1
1643.0,1
1644.0,2
1645.0,3
1646.0,5
1647.0,1
1648.0,3
1649.0,0
1650.0,1
1651.0,1
1652.0,8
1653.0,0
1654.0,5
1655.0,0
1656.0,0
1657.0,1
1658.0,6
1659.0,2
1660.0,0
1661.0,2
1662.0,1
1663.0,1
1664.0,2
1665.0,4
1666.0,1
1667.0,1
1668.0,5
1669.0,5
1670.0,1
1671.0,0
1672.0,0
1673.0,1
1674.0,1
1675.0,2
1676.0,1
1677.0,0
1678.0,0
1679.0,7
1680.0,2
1681.0,1
1682.0,0
1683.0,2
1684.0,1
1685.0,0
1686.0,6
1687.0,1
1688.0,6
1689.0,1
1690.0,1
1691.0,5
1692.0,0
1693.0,8
1694.0,4
1695.0,1
1696.0,0
1697.0,2
1698.0,3
1699.0,6
1700.0,0
1701.0,3
1702.0,0
1703.0,0
1704.0,1
1705.0,0
1706.0,2
1707.0,0
1708.0,5
1709.0,3
1710.0,2
1711.0,3
1712.0,1
1713.0,3
1714.0,0
1715.0,0
1716.0,1
1717.0,5
1718.0,1
1719.0,3
1720.0,2
1721.0,2
1722.0,1
1723.0,2
1724.0,0
1725.0,0
1726.0,2
1727.0,2
1728.0,3
1729.0,0
1730.0,2
1731.0,3
1732.0,0
1733.0,6
1734.0,4
1735.0,6
1736.0,10
1737.0,0
1738.0,0
1739.0,1
1740.0,2
1741.0,10
1742.0,6
1743.0,6
1744.0,1
1745.0,4
1746.0,2
1747.0,0
1748.0,0
1749.0,0
1750.0,1
1751.0,2
1752.0,2
1753.0,1
1754.0,2
1755.0,5
1756.0,1
1757.0,1
1758.0,8
1759.0,0
1760.0,3
1761.0,3
1762.0,3
1763.0,3
1764.0,5
1765.0,2
1766.0,0
1767.0,0
1768.0,2
1769.0,2
1770.0,0
1771.0,0
1772.0,3
1773.0,2
1774.0,3
1775.0,3
1776.0,0
1777.0,2
1778.0,2
1779.0,5
1780.0,2
1781.0,1
1782.0,1
1783.0,5
1784.0,0
1785.0,2
1786.0,1
1787.0,0
1788.0,0
1789.0,6
1790.0,2
1791.0,2
1792.0,1
1793.0,1
1794.0,0
1795.0,2
1796.0,3
1797.0,2
1798.0,5
1799.0,0
1800.0,0
1801.0,1
1802.0,2
1803.0,6
1804.0,2
1805.0,0
1806.0,0
1807.0,6
1808.0,2
1809.0,0
1810.0,0
1811.0,5
1812.0,0
1813.0,0
1814.0,0
1815.0,1
1816.0,0
1817.0,1
1818.0,0
1819.0,2
1820.0,1
1821.0,2
1822.0,10
1823.0,0
1824.0,1
1825.0,0
1826.0,1
1827.0,5
1828.0,0
1829.0,1
1830.0,2
1831.0,3
1832.0,1
1833.0,2
1834.0,5
1835.0,1
1836.0,1
1837.0,1
1838.0,6
1839.0,2
1840.0,0
1841.0,0
1842.0,0
1843.0,1
1844.0,5
1845.0,6
1846.0,1
1847.0,1
1848.0,1
1849.0,0
1850.0,1
1851.0,3
1852.0,6
1853.0,1
1854.0,0
1855.0,0
1856.0,3
1857.0,1
1858.0,1
1859.0,1
1860.0,0
1861.0,6
1862.0,3
1863.0,2
1864.0,5
1865.0,0
1866.0,2
1867.0,1
1868.0,1
1869.0,1
1870.0,1
1871.0,5
1872.0,2
1873.0,2
1874.0,0
1875.0,5
1876.0,1
1877.0,2
1878.0,3
1879.0,0
1880.0,1
1881.0,0
1882.0,4
1883.0,1
1884.0,2
1885.0,6
1886.0,1
1887.0,0
1888.0,0
1889.0,2
1890.0,0
1891.0,1
1892.0,6
1893.0,0
1894.0,5
1895.0,2
1896.0,0
1897.0,0
1898.0,0
1899.0,5
1900.0,1
1901.0,0
1902.0,1
1903.0,3
1904.0,0
1905.0,2
1906.0,1
1907.0,0
1908.0,1
1909.0,0
1910.0,6
1911.0,1
1912.0,1
1913.0,6
1914.0,0
1915.0,3
1916.0,2
1917.0,1
1918.0,8
1919.0,2
1920.0,6
1921.0,1
1922.0,1
1923.0,0
1924.0,0
1925.0,2
1926.0,1
1927.0,0
1928.0,1
1929.0,1
1930.0,0
1931.0,2
1932.0,5
1933.0,0
1934.0,1
1935.0,2
1936.0,0
1937.0,2
1938.0,2
1939.0,3
1940.0,1
1941.0,0
1942.0,2
1943.0,0
1944.0,2
1945.0,0
1946.0,1
1947.0,0
1948.0,0
1949.0,0
1950.0,3
1951.0,6
1952.0,4
1953.0,0
1954.0,3
1955.0,1
1956.0,1
1957.0,0
1958.0,0
1959.0,1
1960.0,3
1961.0,1
1962.0,1
1963.0,2
1964.0,0
1965.0,1
1966.0,1
1967.0,2
1968.0,3
1969.0,2
1970.0,0
1971.0,3
1972.0,3
1973.0,2
1974.0,5
1975.0,5
1976.0,5
1977.0,0
1978.0,3
1979.0,3
1980.0,0
1981.0,6
1982.0,0
1983.0,0
1984.0,10
1985.0,2
1986.0,2
1987.0,3
1988.0,1
1989.0,8
1990.0,2
1991.0,1
1992.0,2
1993.0,4
1994.0,3
1995.0,0
1996.0,0
1997.0,2
1998.0,0
1999.0,0
2000.0,5
2001.0,4
2002.0,1
2003.0,5
2004.0,5
2005.0,6
2006.0,0
2007.0,1
2008.0,5
2009.0,4
2010.0,2
2011.0,0
2012.0,0
2013.0,1
2014.0,1
2015.0,0
2016.0,6
2017.0,4
2018.0,0
2019.0,5
2020.0,2
2021.0,0
2022.0,2
2023.0,4
2024.0,1
2025.0,8
2026.0,4
2027.0,0
2028.0,0
2029.0,0
2030.0,5
2031.0,3
2032.0,2
2033.0,8
2034.0,1
2035.0,0
2036.0,1
2037.0,1
2038.0,2
2039.0,0
2040.0,3
2041.0,0
2042.0,3
2043.0,1
2044.0,1
2045.0,4
2046.0,4
2047.0,2
2048.0,2
2049.0,1
2050.0,2
2051.0,5
2052.0,1
2053.0,4
2054.0,3
2055.0,3
2056.0,5
2057.0,6
2058.0,6
2059.0,1
2060.0,0
2061.0,2
2062.0,1
2063.0,1
2064.0,0
2065.0,6
2066.0,0
2067.0,0
2068.0,6
2069.0,0
2070.0,0
2071.0,0
2072.0,2
2073.0,4
2074.0,2
2075.0,1
2076.0,6
2077.0,1
2078.0,10
2079.0,0
2080.0,0
2081.0,0
2082.0,2
2083.0,2
2084.0,1
2085.0,1
2086.0,1
2087.0,11
2088.0,1
2089.0,0
2090.0,3
2091.0,6
2092.0,0
2093.0,0
2094.0,1
2095.0,0
2096.0,1
2097.0,1
2098.0,0
2099.0,1
2100.0,1
2101.0,0
2102.0,4
2103.0,0
2104.0,1
2105.0,0
2106.0,6
2107.0,0
2108.0,0
2109.0,0
2110.0,1
2111.0,8
2112.0,7
2113.0,5
2114.0,6
2115.0,0
2116.0,0
2117.0,1
2118.0,2
2119.0,2
2120.0,1
2121.0,5
2122.0,2
2123.0,2
2124.0,0
2125.0,2
2126.0,0
2127.0,5
2128.0,1
2129.0,0
2130.0,2
2131.0,6
2132.0,6
2133.0,10
2134.0,0
2135.0,1
2137.0,5
2138.0,0
2139.0,1
2140.0,0
2141.0,11
2142.0,4
2143.0,4
2144.0,1
2145.0,0
2146.0,1
2147.0,0
2148.0,5
2149.0,2
2150.0,0
2151.0,0
2152.0,1
2153.0,2
2154.0,3
2155.0,0
2156.0,1
2157.0,5
2158.0,1
2159.0,2
2160.0,1
2161.0,2
2162.0,1
2164.0,6
2165.0,1
2166.0,2
2167.0,1
2168.0,0
2169.0,2
2170.0,3
2171.0,4
2172.0,1
2173.0,6
2174.0,5
2175.0,2
2176.0,0
2177.0,5
2178.0,0
2179.0,1
2180.0,3
2181.0,0
2182.0,1
2183.0,2
2184.0,4
2185.0,2
2186.0,2
2187.0,1
2188.0,2
2189.0,2
2190.0,5
2191.0,2
2192.0,0
2193.0,2
2194.0,2
2195.0,3
2196.0,2
2197.0,1
2198.0,4
2199.0,0
2200.0,0
2201.0,1
2202.0,4
2203.0,0
2204.0,5
2205.0,0
2206.0,4
2207.0,1
2208.0,1
2209.0,8
2210.0,1
2211.0,4
2212.0,1
2213.0,11
2214.0,0
2215.0,0
2216.0,4
2217.0,3
2218.0,0
2219.0,1
2220.0,0
2221.0,2
2222.0,0
2223.0,0
2224.0,1
2225.0,6
2226.0,4
2227.0,8
2228.0,1
2229.0,3
2230.0,0
2231.0,4
2232.0,3
2233.0,1
2234.0,1
2235.0,3
2236.0,0
2237.0,0
2238.0,2
2239.0,1
2240.0,1
2241.0,1
2242.0,1
2243.0,3
2244.0,4
2245.0,1
2246.0,0
2247.0,6
2248.0,1
2249.0,3
2250.0,2
2251.0,0
2252.0,2
2253.0,1
2254.0,1
2255.0,0
2256.0,2
2257.0,1
2258.0,8
2259.0,1
2260.0,2
2261.0,3
2262.0,3
2263.0,1
2264.0,4
2265.0,4
2266.0,1
2267.0,2
2268.0,0
2269.0,0
2270.0,0
2271.0,1
2272.0,1
2273.0,0
2274.0,2
2275.0,1
2276.0,1
2277.0,4
2278.0,2
2279.0,0
2280.0,2
2281.0,6
2282.0,1
2283.0,5
2284.0,6
2285.0,0
2286.0,2
2287.0,0
2288.0,2
2289.0,0
2290.0,2
2291.0,2
2292.0,2
2293.0,0
2294.0,10
2295.0,10
2296.0,2
2297.0,6
2298.0,0
2299.0,1
2300.0,1
2301.0,0
2303.0,2
2304.0,6
2305.0,0
2306.0,6
2307.0,0
2308.0,6
2309.0,6
2310.0,4
2311.0,6
2312.0,1
2313.0,6
2314.0,0
2315.0,0
2316.0,6
2317.0,4
2318.0,1
2319.0,5
2320.0,0
2321.0,0
2322.0,10
2323.0,2
2324.0,0
2325.0,0
2326.0,0
2327.0,1
2328.0,1
2329.0,5
2330.0,6
2331.0,0
2332.0,6
2333.0,0
2334.0,5
2335.0,0
2336.0,5
2337.0,2
2338.0,8
2339.0,11
2340.0,2
2341.0,2
2342.0,3
2343.0,0
2344.0,0
2345.0,1
2346.0,4
2347.0,3
2348.0,5
2349.0,1
2350.0,3
2351.0,0
2352.0,3
2353.0,1
2354.0,0
2355.0,1
2356.0,1
2357.0,0
2358.0,0
2359.0,6
2360.0,1
2361.0,1
2362.0,5
2363.0,1
2364.0,9
2365.0,4
2366.0,1
2367.0,1
2368.0,2
2369.0,3
2370.0,4
2371.0,2
2372.0,5
2373.0,2
2374.0,3
2375.0,6
2376.0,0
2377.0,0
2378.0,0
2379.0,6
2380.0,4
2381.0,2
2382.0,2
2383.0,9
2384.0,0
2385.0,0
2386.0,0
2387.0,1
2388.0,0
2389.0,4
2390.0,6
2391.0,0
2392.0,9
2393.0,2
2394.0,5
2395.0,0
2396.0,0
2397.0,0
2398.0,6
2399.0,1
2400.0,3
2401.0,0
2402.0,1
2403.0,5
2404.0,6
2405.0,2
2406.0,0
2407.0,2
2408.0,1
2409.0,4
2410.0,3
2411.0,6
2412.0,0
2413.0,1
2414.0,6
2415.0,1
2416.0,4
2417.0,1
2418.0,0
2419.0,0
2420.0,10
2421.0,3
2422.0,6
2423.0,8
2424.0,0
2425.0,5
2426.0,3
2427.0,7
2428.0,9
2429.0,6
2430.0,5
2431.0,1
2432.0,1
2433.0,4
2434.0,0
2435.0,6
2436.0,4
2437.0,1
2438.0,3
2439.0,1
2440.0,2
2441.0,4
2442.0,1
2443.0,9
2444.0,1
2445.0,0
2446.0,2
2447.0,2
2448.0,9
2449.0,3
2450.0,5
2451.0,0
2452.0,2
2453.0,2
2454.0,6
2455.0,1
2456.0,2
2457.0,2
2458.0,5
2459.0,4
2460.0,6
2461.0,6
2462.0,4
2463.0,0
2464.0,1
2465.0,0
2466.0,3
2467.0,2
2468.0,7
2469.0,5
2470.0,3
2471.0,3
2472.0,5
2473.0,1
2475.0,6
2476.0,4
2477.0,2
2478.0,0
2480.0,7
2481.0,2
2482.0,2
2483.0,6
2484.0,0
2485.0,1
2486.0,3
2487.0,4
2488.0,0
2489.0,0
2490.0,8
2491.0,9
2492.0,3
2493.0,1
2494.0,2
2495.0,7
2496.0,3
2497.0,0
2498.0,0
2499.0,3
2500.0,7
2501.0,0
2502.0,5
2503.0,1
2504.0,0
2505.0,11
2506.0,1
2507.0,1
2508.0,2
2509.0,4
2510.0,2
2511.0,2
2512.0,0
2513.0,6
2514.0,5
2515.0,0
2516.0,0
2517.0,4
2518.0,4
2519.0,0
2520.0,1
2521.0,2
2522.0,0
2523.0,3
2524.0,1
2525.0,3
2526.0,1
2527.0,1
2528.0,4
2529.0,3
2530.0,3
2531.0,3
2532.0,2
2533.0,6
2534.0,2
2535.0,4
2536.0,3
2537.0,3
2538.0,1
2539.0,1
2540.0,4
2541.0,0
2542.0,2
2543.0,11
2544.0,4
2545.0,1
2546.0,1
2547.0,3
2548.0,1
2549.0,10
2550.0,0
2551.0,1
2552.0,4
2553.0,11
2554.0,1
2555.0,1
2556.0,0
2557.0,1
2558.0,0
2559.0,1
2560.0,6
2561.0,9
2562.0,4
2563.0,5
2564.0,1
2565.0,9
2566.0,0
2567.0,0
2568.0,0
2569.0,4
2570.0,2
2571.0,1
2572.0,1
2573.0,0
2574.0,3
2575.0,2
2576.0,0
2577.0,2
2578.0,3
2579.0,4
2580.0,4
2581.0,3
2582.0,9
2583.0,0
2584.0,2
2585.0,2
2586.0,0
2587.0,1
2588.0,0
2589.0,0
2590.0,0
2591.0,1
2592.0,3
2593.0,0
2594.0,6
2595.0,2
2596.0,4
2597.0,3
2598.0,5
2599.0,0
2600.0,1
2601.0,6
2602.0,10
2603.0,4
2604.0,2
2605.0,6
2606.0,0
2607.0,2
2608.0,10
2609.0,0
2610.0,5
2611.0,4
2612.0,4
2613.0,6
2614.0,9
2615.0,0
2616.0,1
2617.0,4
2618.0,2
2619.0,0
2620.0,3
2621.0,2
2622.0,1
2623.0,0
2624.0,0
2625.0,1
2626.0,1
2627.0,4
2628.0,6
2629.0,2
2630.0,4
2631.0,0
2632.0,9
2633.0,4
2634.0,5
2635.0,7
2636.0,0
2637.0,3
2638.0,0
2639.0,1
2640.0,2
2641.0,1
2642.0,3
2643.0,4
2644.0,5
2645.0,0
2646.0,9
2647.0,1
2648.0,11
2649.0,3
2650.0,5
2651.0,7
2652.0,0
2653.0,1
2654.0,1
2655.0,3
2656.0,2
2657.0,1
2658.0,0
2659.0,3
2660.0,6
2661.0,2
2662.0,4
2663.0,10
2664.0,4
2665.0,0
2666.0,4
2667.0,4
2668.0,0
2669.0,4
2670.0,1
2671.0,0
2672.0,1
2673.0,0
2674.0,1
2675.0,1
2676.0,4
2677.0,1
2678.0,1
2679.0,6
2680.0,1
2681.0,4
2682.0,6
2683.0,1
2684.0,6
2685.0,1
2686.0,0
2687.0,9
2688.0,6
2689.0,3
2690.0,6
2691.0,5
2692.0,1
2693.0,2
2694.0,10
2695.0,2
2696.0,7
2697.0,2
2698.0,1
2699.0,2
2700.0,2
2701.0,1
2702.0,1
2703.0,1
2704.0,4
2705.0,1
2706.0,9
2707.0,6
2708.0,3
2709.0,2
2710.0,1
2711.0,0
2712.0,2
2713.0,3
2714.0,3
2715.0,6
2716.0,1
2717.0,9
2718.0,4
2719.0,2
2720.0,0
2721.0,6
2722.0,2
2723.0,4
2724.0,0
2725.0,1
2726.0,2
2727.0,0
2728.0,1
2729.0,6
2730.0,2
2731.0,6
2732.0,3
2733.0,6
2734.0,5
2735.0,2
2736.0,5
2737.0,3
2738.0,1
2739.0,1
2740.0,1
2741.0,6
2742.0,1
2743.0,5
2744.0,4
2745.0,3
2746.0,1
2747.0,0
2748.0,3
2749.0,0
2750.0,5
2751.0,4
2752.0,4
2753.0,5
2754.0,1
2755.0,1
2756.0,0
2757.0,0
2758.0,1
2759.0,1
2760.0,1
2761.0,0
2762.0,2
2763.0,1
2764.0,11
2765.0,4
2766.0,8
2767.0,2
2768.0,1
2769.0,8
2770.0,5
2771.0,1
2772.0,2
2773.0,4
2774.0,0
2775.0,2
2776.0,2
2777.0,1
2778.0,1
2779.0,4
2780.0,9
2781.0,1
2782.0,3
2783.0,1
2784.0,0
2785.0,8
2786.0,2
2787.0,4
2788.0,1
2789.0,7
2790.0,0
2791.0,0
2792.0,4
2793.0,4
2794.0,6
2795.0,7
2796.0,1
2797.0,0
2798.0,9
2799.0,0
2800.0,2
2801.0,4
2802.0,5
2803.0,5
2804.0,4
2805.0,0
2806.0,2
2807.0,1
2808.0,5
2809.0,2
2810.0,8
2811.0,1
2812.0,1
2813.0,1
2814.0,1
2815.0,4
2816.0,0
2817.0,2
2818.0,4
2819.0,6
2820.0,4
2821.0,0
2822.0,1
2823.0,1
2824.0,1
2825.0,0
2826.0,1
2827.0,1
2828.0,4
2829.0,2
2830.0,3
2831.0,4
2832.0,0
2833.0,4
2834.0,2
2835.0,1
2836.0,1
2837.0,1
2838.0,4
2839.0,1
2840.0,3
2841.0,4
2842.0,0
2843.0,0
2844.0,1
2845.0,1
2846.0,1
2847.0,2
2848.0,5
2849.0,1
2850.0,1
2851.0,2
2852.0,5
2853.0,1
2854.0,1
2855.0,1
2856.0,0
2857.0,8
2858.0,5
2859.0,1
2860.0,1
2861.0,1
2862.0,2
2863.0,4
2864.0,1
2865.0,6
2866.0,7
2867.0,1
2868.0,0
2869.0,0
2870.0,6
2871.0,1
2872.0,6
2873.0,1
2874.0,5
2875.0,4
2876.0,8
2877.0,3
2878.0,2
2879.0,6
2880.0,2
2881.0,4
2882.0,6
2883.0,0
2884.0,0
2885.0,2
2886.0,2
2887.0,9
2888.0,3
2889.0,1
2890.0,9
2891.0,2
2892.0,2
2893.0,1
2894.0,1
2895.0,2
2896.0,4
2897.0,4
2898.0,5
2899.0,0
2900.0,3
2901.0,4
2902.0,2
2903.0,0
2904.0,0
2905.0,5
2906.0,8
2907.0,1
2908.0,2
2909.0,1
2910.0,1
2911.0,5
2912.0,2
2913.0,0
2914.0,1
2915.0,3
2916.0,2
2917.0,1
2918.0,2
2919.0,1
2920.0,0
2921.0,1
2922.0,4
2923.0,4
2924.0,3
2925.0,1
2926.0,1
2927.0,2
2928.0,1
2929.0,0
2930.0,3
2931.0,10
2932.0,1
2933.0,1
2934.0,0
2935.0,1
2936.0,0
2937.0,0
2938.0,1
2939.0,6
2940.0,4
2941.0,3
2942.0,6
2943.0,1
2944.0,8
2945.0,1
2946.0,1
2947.0,4
2948.0,5
2949.0,0
2950.0,1
2951.0,2
2952.0,1
2953.0,1
2954.0,1
2955.0,1
2956.0,4
2957.0,2
2958.0,4
2959.0,3
2960.0,6
2961.0,2
2962.0,1
2963.0,1
2964.0,2
2965.0,4
2966.0,0
2967.0,9
2968.0,0
2969.0,2
2970.0,2
2971.0,0
2972.0,2
2973.0,2
2974.0,7
2975.0,1
2976.0,4
2977.0,1
2978.0,1
2979.0,0
2980.0,7
2981.0,1
2982.0,0
2983.0,0
2984.0,1
2985.0,5
2986.0,0
2987.0,0
2988.0,2
2989.0,5
2990.0,2
2991.0,1
2992.0,1
2993.0,5
2994.0,3
2995.0,0
2996.0,1
2997.0,1
2998.0,1
2999.0,1
3000.0,11
3001.0,1
3002.0,1
3003.0,8
3004.0,1
3005.0,1
3006.0,0
3007.0,1
3008.0,1
3009.0,4
3010.0,0
3011.0,2
3013.0,4
3014.0,1
3015.0,2
3016.0,2
3017.0,1
3018.0,1
3019.0,5
3020.0,1
3021.0,4
3022.0,5
3023.0,1
3024.0,4
3025.0,0
3026.0,1
3027.0,1
3028.0,1
3029.0,0
3030.0,1
3031.0,6
3032.0,4
3033.0,1
3034.0,6
3035.0,1
3036.0,4
3037.0,2
3038.0,9
3039.0,0
3040.0,1
3041.0,1
3042.0,5
3043.0,5
3044.0,1
3045.0,1
3046.0,6
3047.0,1
3048.0,6
3049.0,3
3050.0,1
3051.0,1
3052.0,0
3053.0,3
3054.0,1
3055.0,4
3056.0,8
3057.0,1
3058.0,2
3059.0,1
3060.0,0
3061.0,1
3062.0,2
3063.0,0
3064.0,3
3065.0,2
3066.0,2
3067.0,1
3068.0,8
3069.0,4
3070.0,0
3071.0,3
3072.0,1
3073.0,5
3074.0,2
3075.0,2
3076.0,1
3077.0,1
3078.0,0
3079.0,6
3080.0,0
3081.0,2
3082.0,2
3083.0,2
3084.0,1
3085.0,0
3086.0,2
3087.0,1
3088.0,1
3089.0,2
3090.0,2
3091.0,2
3092.0,1
3093.0,1
3094.0,8
3095.0,9
3096.0,1
3097.0,3
3098.0,1
3099.0,3
3100.0,0
3101.0,1
3102.0,1
3103.0,1
3104.0,5
3105.0,6
3106.0,11
3107.0,9
3108.0,5
3109.0,11
3110.0,1
3111.0,6
3112.0,8
3113.0,0
3114.0,1
3115.0,8
3116.0,2
3117.0,2
3118.0,4
3119.0,5
3120.0,0
3121.0,4
3122.0,0
3123.0,1
3124.0,3
3125.0,2
3126.0,2
3127.0,0
3128.0,2
3129.0,4
3130.0,2
3131.0,5
3132.0,0
3133.0,1
3134.0,2
3135.0,3
3136.0,10
3137.0,1
3138.0,5
3139.0,0
3140.0,1
3141.0,1
3142.0,2
3143.0,3
3144.0,9
3145.0,2
3146.0,2
3147.0,6
3148.0,1
3149.0,0
3150.0,1
3151.0,0
3152.0,1
3153.0,2
3154.0,3
3155.0,4
3156.0,5
3157.0,0
3158.0,2
3159.0,1
3160.0,3
3161.0,1
3162.0,2
3163.0,1
3164.0,2
3165.0,5
3166.0,4
3167.0,3
3168.0,9
3169.0,0
3170.0,2
3171.0,0
3172.0,1
3173.0,0
3174.0,3
3175.0,1
3176.0,1
3177.0,0
3178.0,0
3179.0,2
3180.0,5
3181.0,5
3182.0,1
3183.0,6
3184.0,1
3185.0,0
3186.0,4
3187.0,0
3188.0,7
3189.0,1
3190.0,1
3191.0,2
3192.0,9
3193.0,1
3194.0,1
3195.0,1
3196.0,6
3197.0,3
3198.0,9
3199.0,1
3200.0,1
3201.0,2
3202.0,0
3203.0,0
3204.0,0
3205.0,1
3206.0,2
3207.0,1
3208.0,1
3209.0,6
3210.0,0
3211.0,3
3212.0,6
3213.0,1
3214.0,1
3215.0,8
3216.0,2
3217.0,0
3218.0,2
3219.0,3
3220.0,0
3221.0,0
3222.0,6
3223.0,6
3224.0,0
3225.0,0
3226.0,6
3227.0,1
3228.0,1
3229.0,0
3230.0,1
3231.0,0
3232.0,1
3233.0,5
3234.0,5
3235.0,1
3236.0,4
3237.0,4
3238.0,2
3239.0,7
3240.0,2
3241.0,0
3242.0,0
3243.0,1
3244.0,0
3245.0,0
3246.0,6
3247.0,5
3248.0,0
3249.0,5
3250.0,4
3251.0,5
3252.0,0
3253.0,2
3254.0,0
3255.0,2
3256.0,3
3257.0,5
3258.0,1
3259.0,1
3260.0,9
3261.0,4
3262.0,1
3263.0,0
3264.0,5
3265.0,2
3266.0,0
3267.0,0
3268.0,10
3269.0,8
3270.0,1
3271.0,4
3272.0,4
3273.0,0
3274.0,1
3275.0,1
3276.0,1
3277.0,1
3278.0,1
3279.0,1
3280.0,5
3281.0,0
3282.0,1
3283.0,4
3284.0,0
3285.0,1
3286.0,3
3287.0,6
3288.0,6
3289.0,3
3290.0,2
3291.0,5
3292.0,1
3293.0,0
3294.0,3
3295.0,3
3296.0,8
3297.0,0
3298.0,0
3299.0,2
3300.0,1
3301.0,1
3302.0,11
3303.0,4
3304.0,0
3305.0,2
3306.0,0
3307.0,6
3308.0,1
3309.0,1
3310.0,2
3311.0,1
3312.0,1
3313.0,1
3314.0,0
3315.0,5
3316.0,1
3317.0,1
3318.0,1
3319.0,1
3320.0,3
3321.0,8
3322.0,5
3323.0,2
3324.0,0
3325.0,6
3326.0,0
3327.0,3
3328.0,7
3329.0,5
3330.0,1
3331.0,3
3332.0,3
3333.0,6
3334.0,1
3335.0,8
3336.0,3
3337.0,0
3338.0,2
3339.0,0
3340.0,2
3341.0,2
3342.0,2
3343.0,7
3344.0,8
3345.0,5
3346.0,11
3347.0,3
3348.0,1
3349.0,5
3350.0,1
3351.0,6
3352.0,1
3353.0,1
3354.0,1
3355.0,0
3356.0,2
3357.0,2
3358.0,3
3359.0,1
3360.0,2
3361.0,2
3362.0,2
3363.0,0
3364.0,1
3365.0,6
3366.0,3
3367.0,0
3368.0,1
3369.0,2
3370.0,0
3371.0,1
3372.0,0
3373.0,3
3374.0,1
3375.0,1
3376.0,1
3377.0,3
3378.0,1
3379.0,0
3380.0,0
3381.0,0
3382.0,2
3383.0,5
3384.0,2
3385.0,0
3386.0,7
3387.0,0
3388.0,6
3389.0,1
3390.0,5
3391.0,4
3392.0,7
3393.0,0
3394.0,2
3395.0,0
3396.0,1
3397.0,4
3398.0,7
3399.0,6
3400.0,6
3401.0,1
3402.0,2
3403.0,7
3404.0,1
3405.0,0
3406.0,5
3407.0,1
3409.0,2
3410.0,1
3411.0,3
3412.0,1
3413.0,0
3414.0,0
3415.0,6
3416.0,6
3417.0,3
3418.0,11
3419.0,1
3420.0,0
3421.0,4
3422.0,1
3423.0,1
3424.0,6
3425.0,0
3426.0,8
3427.0,2
3428.0,0
3429.0,1
3430.0,0
3431.0,2
3432.0,1
3433.0,5
3434.0,1
3435.0,1
3436.0,5
3437.0,3
3438.0,0
3439.0,2
3440.0,5
3442.0,2
3443.0,0
3444.0,1
3445.0,2
3446.0,5
3447.0,0
3448.0,1
3449.0,8
3450.0,3
3451.0,1
3452.0,5
3453.0,1
3454.0,1
3455.0,5
3456.0,2
3457.0,0
3458.0,4
3459.0,1
3460.0,0
3461.0,1
3462.0,1
3463.0,0
3464.0,0
3465.0,1
3466.0,0
3467.0,5
3468.0,0
3469.0,6
3470.0,1
3471.0,0
3472.0,2
3474.0,0
3475.0,3
3476.0,4
3477.0,3
3478.0,2
3479.0,1
3480.0,0
3481.0,1
3482.0,2
3483.0,2
3484.0,1
3485.0,7
3486.0,2
3487.0,2
3488.0,4
3489.0,1
3490.0,3
3491.0,6
3492.0,1
3493.0,1
3494.0,2
3495.0,0
3496.0,7
3497.0,4
3498.0,1
3499.0,0
3500.0,5
3501.0,1
3502.0,0
3503.0,1
3504.0,2
3505.0,2
3506.0,1
3507.0,9
3508.0,1
3509.0,4
3510.0,7
3511.0,4
3512.0,1
3513.0,3
3514.0,0
3515.0,2
3516.0,0
3517.0,1
3518.0,3
3519.0,1
3520.0,3
3521.0,2
3522.0,1
3523.0,0
3524.0,2
3525.0,3
3526.0,0
3527.0,0
3528.0,1
3529.0,1
3530.0,6
3531.0,0
3532.0,10
3533.0,0
3534.0,6
3535.0,0
3536.0,0
3537.0,1
3538.0,2
3539.0,6
3540.0,0
3541.0,8
3542.0,5
3543.0,3
3544.0,4
3545.0,0
3546.0,7
3547.0,0
3548.0,5
3549.0,1
3550.0,6
3551.0,0
3552.0,2
3553.0,6
3554.0,2
3555.0,10
3556.0,8
3557.0,0
3558.0,2
3559.0,2
3560.0,1
3561.0,3
3562.0,1
3563.0,2
3564.0,0
3565.0,1
3566.0,3
3567.0,6
3568.0,7
3569.0,8
3570.0,3
3571.0,0
3572.0,2
3573.0,8
3574.0,0
3575.0,0
3576.0,0
3577.0,0
3578.0,1
3579.0,7
3580.0,3
3581.0,0
3582.0,8
3583.0,0
3584.0,0
3585.0,0
3586.0,1
3587.0,0
3588.0,0
3589.0,2
3590.0,1
3591.0,7
3592.0,0
3593.0,2
3594.0,1
3595.0,0
3596.0,2
3597.0,1
3598.0,4
3599.0,4
3600.0,0
3601.0,8
3602.0,1
3603.0,0
3604.0,0
3605.0,1
3606.0,0
3607.0,0
3608.0,2
3609.0,1
3610.0,0
3611.0,8
3612.0,1
3613.0,0
3614.0,2
3615.0,0
3616.0,2
3617.0,0
3618.0,0
3619.0,0
3620.0,1
3621.0,1
3622.0,3
3623.0,2
3624.0,0
3625.0,0
3626.0,5
3627.0,2
3628.0,3
3629.0,1
3630.0,1
3631.0,5
3632.0,2
3633.0,0
3634.0,10
3635.0,1
3636.0,0
3637.0,0
3638.0,5
3639.0,0
3640.0,3
3641.0,8
3642.0,5
3643.0,1
3644.0,1
3645.0,2
3646.0,3
3647.0,0
3648.0,8
3649.0,7
3650.0,2
3651.0,4
3652.0,5
3653.0,7
3654.0,3
3655.0,5
3656.0,1
3657.0,1
3658.0,0
3659.0,4
3660.0,6
3661.0,0
3662.0,1
3663.0,2
3664.0,0
3665.0,2
3666.0,6
3667.0,3
3668.0,8
3669.0,6
3670.0,3
3671.0,0
3672.0,6
3673.0,6
3674.0,5
3675.0,0
3676.0,7
3677.0,1
3678.0,1
3679.0,0
3680.0,1
3681.0,2
3682.0,1
3683.0,3
3684.0,1
3685.0,2
3686.0,7
3687.0,0
3688.0,3
3689.0,0
3690.0,0
3691.0,5
3692.0,0
3693.0,1
3694.0,0
3695.0,4
3696.0,0
3697.0,0
3698.0,3
3699.0,2
3700.0,3
3701.0,0
3702.0,2
3703.0,7
3704.0,6
3705.0,1
3706.0,0
3707.0,1
3708.0,1
3709.0,5
3710.0,0
3711.0,4
3712.0,1
3713.0,1
3714.0,2
3715.0,0
3716.0,2
3717.0,0
3718.0,6
3719.0,1
3720.0,2
3721.0,6
3722.0,1
3723.0,1
3724.0,10
3725.0,5
3726.0,0
3727.0,8
3728.0,7
3729.0,1
3730.0,2
3731.0,0
3732.0,1
3733.0,0
3734.0,1
3735.0,5
3736.0,8
3737.0,0
3738.0,8
3739.0,3
3740.0,1
3741.0,0
3742.0,2
3743.0,0
3744.0,1
3745.0,1
3746.0,3
3747.0,2
3748.0,3
3749.0,5
3750.0,7
3751.0,7
3752.0,0
3753.0,1
3754.0,1
3755.0,8
3756.0,0
3757.0,1
3758.0,1
3759.0,0
3760.0,5
3761.0,6
3762.0,2
3763.0,6
3764.0,7
3765.0,2
3766.0,3
3767.0,1
3768.0,5
3769.0,2
3770.0,0
3771.0,3
3772.0,0
3773.0,8
3774.0,2
3775.0,1
3776.0,6
3777.0,2
3778.0,0
3779.0,3
3780.0,1
3781.0,1
3782.0,1
3783.0,1
3784.0,0
3785.0,7
3786.0,0
3787.0,1
3788.0,1
3789.0,0
3790.0,5
3791.0,0
3792.0,2
3793.0,1
3794.0,0
3795.0,3
3796.0,1
3797.0,0
3798.0,1
3799.0,0
3800.0,8
3801.0,0
3802.0,2
3803.0,0
3804.0,1
3805.0,6
3806.0,1
3807.0,2
3808.0,1
3809.0,10
3810.0,0
3811.0,7
3812.0,5
3813.0,7
3814.0,0
3815.0,5
3816.0,0
3817.0,5
3818.0,2
3819.0,1
3820.0,6
3821.0,0
3822.0,0
3823.0,2
3824.0,0
3825.0,0
3826.0,2
3827.0,2
3828.0,1
3829.0,1
3830.0,3
3831.0,6
3832.0,1
3833.0,0
3834.0,2
3835.0,0
3836.0,0
3837.0,3
3838.0,0
3839.0,1
3840.0,2
3841.0,1
3842.0,7
3843.0,0
3844.0,0
3845.0,0
3846.0,3
3847.0,8
3848.0,3
3849.0,6
3850.0,0
3851.0,0
3852.0,7
3853.0,3
3854.0,2
3855.0,1
3856.0,2
3857.0,1
3858.0,2
3859.0,2
3860.0,3
3861.0,5
3862.0,1
3863.0,8
3864.0,3
3865.0,5
3866.0,1
3867.0,2
3868.0,7
3869.0,1
3870.0,1
3871.0,2
3872.0,1
3873.0,2
3874.0,7
3875.0,0
3876.0,1
3877.0,1
3878.0,6
3879.0,2
3880.0,10
3881.0,0
3882.0,7
3883.0,4
3884.0,1
3885.0,0
3886.0,0
3887.0,5
3888.0,1
3889.0,0
3890.0,0
3891.0,0
3892.0,3
3893.0,1
3894.0,1
3895.0,1
3896.0,5
3897.0,2
3898.0,0
3899.0,3
3900.0,2
3901.0,7
3902.0,1
3903.0,0
3904.0,0
3905.0,3
3906.0,0
3907.0,0
3908.0,0
3909.0,3
3910.0,0
3911.0,0
3912.0,7
3913.0,1
3914.0,0
3915.0,0
3916.0,0
3917.0,2
3919.0,0
3920.0,1
3921.0,2
3922.0,3
3923.0,6
3924.0,3
3925.0,5
3926.0,0
3927.0,1
3928.0,0
3929.0,0
3930.0,2
3931.0,5
3932.0,3
3933.0,7
3934.0,7
3935.0,1
3936.0,2
3937.0,0
3938.0,2
3939.0,3
3940.0,0
3941.0,5
3942.0,7
3943.0,8
3944.0,1
3945.0,1
3946.0,4
3947.0,0
3948.0,2
3949.0,1
3950.0,1
3951.0,3
3952.0,5
3953.0,0
3954.0,1
3955.0,3
3956.0,2
3957.0,2
3958.0,2
3959.0,1
3960.0,0
3961.0,0
3962.0,0
3963.0,0
3964.0,2
3965.0,7
3966.0,0
3967.0,0
3968.0,0
3969.0,1
3970.0,9
3971.0,2
3972.0,1
3973.0,0
3974.0,5
3975.0,2
3976.0,1
3977.0,2
3978.0,0
3979.0,3
3980.0,0
3981.0,2
3982.0,0
3983.0,7
3984.0,2
3985.0,0
3986.0,2
3987.0,1
3988.0,7
3989.0,5
3990.0,2
3991.0,0
3992.0,0
3993.0,2
3994.0,1
3995.0,3
3996.0,0
3997.0,0
3998.0,6
3999.0,0
4000.0,3
4001.0,1
4002.0,0
4003.0,1
4004.0,8
4005.0,0
4007.0,1
4008.0,2
4009.0,3
4010.0,1
4011.0,0
4012.0,2
4013.0,1
4014.0,0
4015.0,2
4016.0,6
4017.0,2
4018.0,1
4019.0,7
4020.0,0
4021.0,7
4022.0,0
4023.0,0
4024.0,1
4025.0,3
4026.0,0
4027.0,0
4028.0,5
4029.0,5
4030.0,8
4031.0,7
4032.0,2
4033.0,1
4034.0,7
4035.0,2
4036.0,0
4037.0,2
4038.0,2
4039.0,10
4040.0,9
4041.0,0
4042.0,10
4043.0,6
4044.0,2
4045.0,7
4046.0,0
4047.0,2
4048.0,1
4049.0,6
4050.0,5
4051.0,2
4052.0,2
4053.0,8
4054.0,4
4055.0,0
4056.0,1
4057.0,3
4058.0,5
4059.0,0
4060.0,4
4061.0,1
4062.0,3
4063.0,0
4064.0,2
4065.0,8
4066.0,2
4067.0,2
4068.0,3
4069.0,3
4070.0,0
4071.0,0
4072.0,0
4073.0,1
4074.0,0
4075.0,9
4076.0,7
4077.0,6
4078.0,3
4079.0,0
4080.0,0
4081.0,2
4082.0,0
4083.0,5
4084.0,0
4085.0,4
4086.0,1
4087.0,6
4088.0,0
4089.0,9
4090.0,9
4091.0,2
4092.0,3
4093.0,0
4094.0,3
4095.0,1
4096.0,1
4097.0,0
4098.0,5
4099.0,1
4100.0,0
4101.0,0
4102.0,0
4103.0,0
4104.0,3
4105.0,1
4106.0,1
4107.0,2
4108.0,0
4109.0,7
4110.0,2
4111.0,0
4112.0,0
4113.0,7
4114.0,0
4115.0,6
4116.0,1
4117.0,1
4118.0,5
4119.0,1
4120.0,1
4121.0,1
4122.0,0
4123.0,0
4124.0,2
4125.0,4
4126.0,3
4127.0,2
4128.0,3
4129.0,6
4130.0,0
4131.0,1
4132.0,0
4133.0,2
4134.0,8
4135.0,2
4136.0,0
4137.0,0
4138.0,5
4139.0,8
4140.0,1
4141.0,10
4142.0,8
4143.0,0
4144.0,0
4145.0,7
4146.0,6
4147.0,2
4148.0,8
4149.0,0
4150.0,2
4151.0,2
4152.0,1
4153.0,2
4154.0,0
4155.0,6
4156.0,3
4157.0,7
4158.0,2
4159.0,7
4160.0,0
4161.0,2
4162.0,0
4163.0,7
4164.0,0
4165.0,8
4166.0,8
4167.0,1
4168.0,3
4169.0,8
4170.0,0
4171.0,10
4172.0,0
4173.0,2
4174.0,0
4175.0,2
4176.0,2
4177.0,0
4178.0,3
4179.0,0
4180.0,5
4181.0,0
4182.0,7
4183.0,8
4184.0,2
4185.0,6
4186.0,1
4187.0,7
4188.0,0
4189.0,3
4190.0,3
4191.0,3
4192.0,7
4193.0,8
4194.0,2
4195.0,10
4196.0,3
4197.0,8
4198.0,0
4199.0,0
4200.0,10
4201.0,0
4202.0,0
4203.0,7
4204.0,0
4205.0,2
4206.0,7
4207.0,3
4208.0,0
4209.0,7
4210.0,8
4211.0,2
4212.0,5
4213.0,0
4214.0,0
4215.0,0
4216.0,1
4217.0,2
4218.0,5
4219.0,1
4220.0,7
4221.0,1
4222.0,0
4223.0,1
4224.0,0
4225.0,7
4226.0,9
4227.0,2
4228.0,0
4229.0,0
4230.0,8
4231.0,3
4232.0,0
4233.0,8
4234.0,7
4235.0,6
4236.0,0
4237.0,7
4238.0,0
4239.0,10
4240.0,5
4241.0,0
4242.0,0
4243.0,1
4244.0,0
4245.0,2
4246.0,8
4247.0,0
4248.0,6
4249.0,4
4250.0,5
4251.0,5
4252.0,7
4253.0,1
4254.0,2
4255.0,8
4256.0,8
4257.0,3
4258.0,0
4259.0,2
4260.0,4
4261.0,0
4262.0,0
4263.0,0
4264.0,0
4265.0,1
4267.0,3
4268.0,2
4269.0,2
4270.0,10
4271.0,7
4272.0,7
4273.0,8
4274.0,3
4275.0,0
4276.0,3
4277.0,0
4278.0,8
4279.0,3
4280.0,3
4281.0,7
4282.0,8
4283.0,5
4284.0,7
4285.0,7
4286.0,8
4287.0,7
4288.0,1
4289.0,8
4290.0,0
4291.0,0
4292.0,0
4293.0,6
4294.0,1
4295.0,0
4296.0,3
4297.0,0
4298.0,3
4299.0,8
4300.0,2
4301.0,5
4302.0,5
4303.0,0
4304.0,7
4305.0,3
4306.0,7
4307.0,3
4308.0,1
4309.0,0
4310.0,0
4311.0,0
4312.0,4
4313.0,5
4314.0,1
4315.0,0
4316.0,0
4317.0,5
4318.0,1
4319.0,1
4320.0,0
4321.0,0
4322.0,2
4323.0,0
4324.0,1
4325.0,3
4326.0,0
4327.0,8
4328.0,0
4329.0,5
4330.0,6
4331.0,2
4332.0,6
4333.0,2
4334.0,1
4335.0,2
4336.0,0
4337.0,0
4338.0,0
4339.0,0
4340.0,5
4341.0,0
4342.0,2
4343.0,3
4344.0,9
4345.0,0
4346.0,0
4347.0,0
4348.0,0
4349.0,5
4350.0,6
4351.0,0
4352.0,7
4353.0,9
4354.0,0
4355.0,8
4356.0,1
4357.0,3
4358.0,0
4359.0,7
4361.0,5
4362.0,0
4363.0,2
4364.0,0
4365.0,0
4366.0,0
4367.0,1
4368.0,2
4369.0,1
4370.0,5
4371.0,0
4372.0,5
4373.0,6
4374.0,5
4375.0,7
4376.0,0
4377.0,1
4378.0,6
4379.0,2
4380.0,0
4381.0,2
4382.0,2
4383.0,0
4384.0,8
4385.0,0
4386.0,0
4387.0,0
4388.0,2
4389.0,2
4390.0,2
4391.0,0
4392.0,0
4393.0,0
4394.0,1
4395.0,0
4396.0,1
4397.0,7
4398.0,0
4399.0,3
4400.0,0
4401.0,2
4402.0,0
4403.0,1
4404.0,6
4405.0,0
4406.0,2
4407.0,2
4408.0,5
4409.0,3
4410.0,3
4411.0,0
4412.0,1
4413.0,1
4414.0,1
4415.0,0
4416.0,3
4417.0,6
4418.0,0
4419.0,0
4420.0,2
4421.0,1
4422.0,0
4423.0,0
4424.0,0
4425.0,1
4426.0,5
4427.0,2
4428.0,0
4429.0,8
4430.0,0
4431.0,0
4432.0,8
4433.0,0
4434.0,2
4435.0,5
4436.0,0
4437.0,2
4438.0,0
4439.0,5
4440.0,7
4441.0,0
4442.0,1
4443.0,1
4444.0,5
4445.0,6
4446.0,9
4447.0,0
4448.0,2
4449.0,10
4450.0,0
4451.0,8
4452.0,0
4453.0,2
4454.0,7
4455.0,0
4456.0,6
4457.0,1
4458.0,0
4459.0,3
4460.0,2
4461.0,6
4462.0,0
4463.0,6
4464.0,8
4465.0,3
4466.0,0
4467.0,5
4468.0,0
4469.0,0
4470.0,0
4471.0,0
4472.0,9
4473.0,0
4474.0,9
4475.0,0
4476.0,0
4477.0,2
4478.0,0
4479.0,2
4480.0,2
4481.0,6
4482.0,0
4483.0,1
4484.0,0
4485.0,1
4486.0,0
4487.0,0
4488.0,0
4489.0,0
4490.0,2
4491.0,4
4492.0,2
4493.0,8
4494.0,0
4495.0,0
4496.0,2
4497.0,0
4498.0,3
4499.0,1
4500.0,2
4501.0,6
4502.0,0
4503.0,0
4504.0,3
4505.0,0
4506.0,5
4507.0,0
4508.0,2
4509.0,1
4510.0,0
4511.0,0
4512.0,1
4513.0,2
4514.0,0
4515.0,1
4516.0,0
4517.0,1
4518.0,0
4519.0,5
4520.0,0
4521.0,0
4522.0,0
4523.0,1
4524.0,0
4525.0,0
4526.0,0
4527.0,0
4528.0,5
4529.0,0
4530.0,0
4531.0,0
4532.0,9
4533.0,1
4534.0,0
4535.0,0
4536.0,3
4537.0,0
4538.0,0
4539.0,0
4540.0,7
4541.0,7
4542.0,0
4543.0,5
4544.0,0
4545.0,2
4546.0,9
4547.0,5
4548.0,0
4549.0,8
4550.0,0
4551.0,0
4552.0,3
4553.0,5
4554.0,7
4555.0,0
4556.0,3
4557.0,0
4558.0,5
4559.0,0
4560.0,0
4561.0,0
4562.0,0
4563.0,0
4564.0,7
4565.0,5
4566.0,7
4567.0,0
4568.0,0
4569.0,9
4570.0,2
4571.0,0
4572.0,0
4573.0,9
4574.0,0
4575.0,1
4576.0,0
4577.0,7
4578.0,3
4579.0,0
4580.0,0
4581.0,3
4582.0,1
4583.0,0
4584.0,0
4585.0,0
4586.0,0
4587.0,0
4588.0,2
4589.0,1
4590.0,6
4591.0,6
4592.0,1
4593.0,2
4594.0,0
4595.0,3
4596.0,8
4597.0,4
4598.0,10
4599.0,0
4600.0,0
4601.0,0
4602.0,0
4603.0,0
4604.0,3
4605.0,6
4606.0,7
4607.0,2
4608.0,2
4609.0,7
4610.0,0
4611.0,0
4612.0,3
4613.0,0
4614.0,5
4615.0,3
4616.0,0
4617.0,7
4618.0,0
4619.0,6
4620.0,2
4621.0,2
4622.0,6
4623.0,2
4624.0,7
4625.0,0
4626.0,3
4627.0,2
4628.0,0
4629.0,7
4630.0,1
4631.0,0
4632.0,0
4633.0,2
4634.0,0
4635.0,2
4636.0,0
4637.0,9
4638.0,0
4639.0,0
4640.0,0
4641.0,0
4642.0,3
4643.0,7
4644.0,5
4645.0,1
4646.0,2
4647.0,0
4648.0,2
4649.0,0
4650.0,2
4651.0,0
4652.0,5
4653.0,0
4654.0,0
4655.0,1
4656.0,3
4657.0,8
4658.0,0
4659.0,1
4660.0,0
4661.0,6
4662.0,8
4663.0,0
4664.0,0
4665.0,0
4666.0,0
4667.0,9
4668.0,2
4669.0,0
4670.0,1
4671.0,3
4672.0,7
4673.0,0
4674.0,2
4675.0,0
4676.0,0
4677.0,2
4678.0,1
4679.0,0
4680.0,0
4681.0,3
4682.0,7
4683.0,0
4684.0,0
4685.0,0
4686.0,0
4687.0,1
4688.0,0
4689.0,2
4690.0,5
4691.0,5
4692.0,2
4693.0,0
4694.0,0
4695.0,3
4696.0,0
4697.0,0
4698.0,0
4699.0,1
4700.0,9
4701.0,0
4702.0,1
4703.0,9
4704.0,2
4705.0,3
4706.0,7
4707.0,0
4708.0,8
4709.0,1
4710.0,1
4711.0,6
4712.0,0
4713.0,3
4714.0,0
4715.0,0
4716.0,0
4717.0,0
4718.0,2
4719.0,0
4720.0,0
4721.0,0
4722.0,0
4723.0,2
4724.0,1
4725.0,8
4726.0,2
4727.0,0
4728.0,0
4729.0,5
4730.0,0
4731.0,0
4732.0,0
4733.0,0
4734.0,0
4735.0,0
4736.0,2
4737.0,7
4738.0,1
4739.0,0
4740.0,0
4741.0,0
4742.0,2
4743.0,0
4744.0,2
4745.0,0
4746.0,0
4747.0,2
4748.0,1
4751.0,1
4752.0,3
4753.0,0
4754.0,7
4755.0,5
4756.0,2
4757.0,2
4758.0,0
4759.0,2
4760.0,1
4761.0,0
4762.0,0
4763.0,1
4764.0,0
4765.0,1
4766.0,0
4767.0,1
4768.0,6
4769.0,0
4770.0,10
4771.0,0
4772.0,8
4773.0,1
4774.0,0
4775.0,2
4776.0,0
4777.0,0
4778.0,1
4779.0,2
4780.0,0
4781.0,0
4782.0,0
4783.0,2
4784.0,0
4785.0,1
4786.0,0
4787.0,3
4788.0,8
4789.0,2
4790.0,0
4791.0,0
4792.0,1
4793.0,2
4794.0,0
4795.0,1
4796.0,1
4797.0,7
4798.0,9
4799.0,6
4800.0,3
4801.0,1
4802.0,3
4803.0,3
4804.0,0
4805.0,2
4806.0,2
4807.0,0
4808.0,7
4809.0,1
4810.0,7
4811.0,0
4812.0,0
4813.0,0
4814.0,7
4815.0,1
4816.0,6
4817.0,1
4818.0,10
4819.0,7
4820.0,0
4821.0,0
4822.0,0
4823.0,9
4824.0,0
4825.0,5
4826.0,0
4827.0,3
4828.0,0
4829.0,0
4830.0,2
4831.0,1
4832.0,7
4833.0,9
4834.0,5
4835.0,0
4836.0,2
4837.0,5
4838.0,0
4839.0,0
4840.0,0
4841.0,1
4842.0,0
4843.0,0
4844.0,3
4845.0,0
4846.0,7
4847.0,5
4848.0,0
4849.0,1
4850.0,1
4851.0,0
4852.0,5
4853.0,1
4854.0,0
4855.0,0
4856.0,3
4857.0,3
4858.0,0
4859.0,0
4860.0,8
4861.0,2
4862.0,5
4863.0,7
4864.0,0
4865.0,0
4866.0,0
4867.0,0
4868.0,3
4869.0,1
4870.0,6
4871.0,7
4872.0,0
4873.0,0
4874.0,7
4875.0,0
4876.0,0
4877.0,2
4878.0,9
4879.0,0
4880.0,1
4881.0,2
4882.0,1
4883.0,0
4884.0,0
4885.0,0
4886.0,0
4887.0,2
4888.0,0
4889.0,0
4890.0,0
4891.0,2
4892.0,0
4893.0,0
4894.0,5
4895.0,2
4896.0,0
4898.0,0
4899.0,9
4900.0,0
4901.0,0
4902.0,0
4903.0,0
4904.0,9
4905.0,0
4906.0,7
4907.0,0
4908.0,0
4909.0,0
4910.0,5
4911.0,5
4912.0,0
4913.0,0
4914.0,0
4915.0,0
4916.0,7
4917.0,9
4918.0,5
4919.0,0
4920.0,2
4921.0,9
4922.0,7
4923.0,7
4924.0,3
4925.0,5
4926.0,2
4927.0,2
4928.0,1
4929.0,1
4930.0,5
4931.0,0
4932.0,1
4933.0,3
4934.0,1
4935.0,0
4936.0,0
4937.0,0
4938.0,7
4939.0,0
4940.0,0
4941.0,2
4942.0,1
4943.0,1
4944.0,0
4945.0,8
4946.0,2
4947.0,0
4948.0,0
4949.0,3
4950.0,2
4951.0,7
4952.0,8
4953.0,3
4954.0,5
4955.0,0
4956.0,3
4957.0,1
4958.0,2
4959.0,0
4960.0,0
4961.0,0
4962.0,0
4963.0,6
4964.0,0
4965.0,3
4966.0,0
4967.0,0
4968.0,8
4969.0,5
4970.0,0
4971.0,8
4972.0,5
4973.0,1
4974.0,7
4975.0,0
4976.0,0
4977.0,1
4978.0,8
4979.0,2
4980.0,5
4981.0,0
4982.0,0
4983.0,8
4984.0,7
4985.0,0
4986.0,8
4987.0,6
4988.0,1
4989.0,2
4990.0,0
4991.0,7
4992.0,0
4993.0,2
4994.0,0
4995.0,2
4996.0,0
4997.0,2
4998.0,0
4999.0,0
5000.0,3
5001.0,2
5002.0,5
5003.0,9
5004.0,0
5005.0,0
5006.0,1
5007.0,0
5008.0,0
5009.0,0
5010.0,0
5011.0,7
5012.0,0
5013.0,0
5014.0,7
5015.0,8
5016.0,0
5017.0,6
5018.0,9
5019.0,0
5020.0,1
5021.0,9
5022.0,7
5023.0,0
5024.0,3
5025.0,1
5026.0,3
5027.0,8
5028.0,8
5029.0,0
5030.0,0
5031.0,8
5032.0,7
5033.0,1
5034.0,8
5035.0,2
5036.0,0
5037.0,1
5038.0,0
5039.0,2
5040.0,7
5041.0,0
5042.0,0
5043.0,0
5044.0,7
5045.0,1
5046.0,2
5047.0,0
5048.0,0
5049.0,2
5050.0,0
5051.0,0
5052.0,7
5053.0,0
5054.0,9
5055.0,9
5056.0,5
5057.0,0
5058.0,0
5059.0,0
5060.0,8
5061.0,4
5062.0,0
5063.0,7
5064.0,0
5065.0,5
5066.0,0
5067.0,3
5068.0,2
5069.0,2
5070.0,9
5071.0,5
5072.0,3
5073.0,0
5074.0,0
5075.0,7
5076.0,3
5077.0,0
5078.0,1
5079.0,0
5080.0,2
5081.0,9
5082.0,0
5083.0,10
5084.0,9
5085.0,0
5086.0,0
5087.0,1
5089.0,2
5090.0,0
5091.0,1
5092.0,0
5093.0,0
5094.0,0
5095.0,0
5096.0,6
5097.0,7
5098.0,0
5099.0,2
5100.0,8
5101.0,3
5102.0,1
5103.0,0
5104.0,3
5105.0,8
5106.0,7
5107.0,0
5108.0,3
5109.0,0
5110.0,0
5111.0,0
5112.0,2
5113.0,0
5114.0,10
5115.0,0
5116.0,3
5117.0,9
5118.0,2
5119.0,1
5120.0,4
5121.0,8
5122.0,10
5123.0,0
5124.0,0
5125.0,0
5126.0,7
5127.0,6
5128.0,0
5129.0,7
5130.0,0
5131.0,0
5132.0,1
5133.0,2
5134.0,2
5135.0,3
5136.0,0
5137.0,0
5138.0,2
5139.0,1
5140.0,0
5141.0,0
5142.0,1
5143.0,5
5144.0,0
5145.0,3
5146.0,2
5147.0,1
5148.0,3
5149.0,7
5150.0,2
5151.0,8
5152.0,1
5153.0,0
5154.0,0
5155.0,2
5156.0,3
5157.0,0
5158.0,5
5159.0,6
5160.0,6
5161.0,7
5162.0,0
5163.0,3
5164.0,0
5165.0,2
5166.0,7
5167.0,1
5168.0,0
5169.0,1
5170.0,0
5171.0,2
5172.0,3
5173.0,0
5174.0,1
5175.0,5
5176.0,0
5177.0,4
5178.0,8
5179.0,0
5180.0,0
5181.0,2
5182.0,0
5183.0,3
5184.0,0
5185.0,3
5186.0,0
5187.0,3
5188.0,2
5189.0,5
5190.0,5
5191.0,8
5192.0,2
5193.0,0
5194.0,3
5196.0,2
5197.0,0
5198.0,7
5199.0,7
5200.0,8
5201.0,2
5202.0,7
5203.0,0
5204.0,3
5205.0,1
5206.0,2
5207.0,6
5208.0,2
5209.0,3
5210.0,0
5211.0,9
5212.0,0
5213.0,3
5214.0,0
5215.0,8
5216.0,9
5217.0,0
5218.0,6
5219.0,6
5220.0,0
5221.0,5
5222.0,10
5223.0,6
5224.0,7
5225.0,9
5226.0,0
5227.0,7
5228.0,7
5229.0,0
5230.0,9
5231.0,0
5232.0,0
5233.0,9
5234.0,0
5235.0,2
5236.0,2
5237.0,2
5238.0,0
5239.0,0
5240.0,6
5241.0,8
5242.0,0
5243.0,5
5244.0,3
5245.0,0
5246.0,6
5247.0,5
5248.0,9
5249.0,2
5250.0,0
5251.0,0
5252.0,2
5253.0,0
5254.0,1
5255.0,9
5256.0,1
5257.0,0
5258.0,9
5259.0,2
5260.0,3
5261.0,5
5262.0,1
5263.0,10
5264.0,0
5265.0,5
5266.0,5
5267.0,1
5268.0,0
5269.0,6
5270.0,6
5271.0,0
5272.0,8
5273.0,7
5274.0,0
5275.0,7
5276.0,0
5277.0,3
5278.0,0
5279.0,2
5280.0,0
5281.0,7
5282.0,0
5283.0,0
5284.0,2
5285.0,0
5286.0,1
5287.0,5
5288.0,1
5289.0,0
5290.0,7
5291.0,5
5292.0,1
5293.0,7
5294.0,5
5295.0,2
5296.0,2
5297.0,3
5298.0,1
5299.0,3
5300.0,3
5301.0,0
5302.0,2
5303.0,0
5304.0,6
5305.0,2
5306.0,2
5307.0,1
5308.0,6
5309.0,3
5310.0,3
5311.0,4
5312.0,3
5313.0,0
5314.0,2
5315.0,3
5316.0,9
5317.0,0
5318.0,0
5319.0,5
5320.0,7
5321.0,0
5322.0,2
5323.0,0
5324.0,0
5325.0,2
5326.0,7
5327.0,6
5328.0,3
5329.0,0
5330.0,6
5331.0,1
5333.0,9
5334.0,5
5335.0,0
5336.0,2
5337.0,1
5338.0,5
5339.0,0
5340.0,2
5341.0,2
5342.0,6
5343.0,6
5344.0,2
5345.0,0
5346.0,7
5347.0,2
5348.0,3
5349.0,3
5350.0,6
5351.0,6
5352.0,1
5353.0,0
5354.0,0
5355.0,0
5356.0,7
5357.0,0
5358.0,0
5359.0,2
5360.0,5
5361.0,1
5362.0,0
5363.0,5
5364.0,1
5365.0,0
5366.0,0
5368.0,1
5369.0,2
5370.0,3
5372.0,3
5373.0,0
5374.0,4
5375.0,7
5376.0,3
5377.0,0
5378.0,2
5379.0,0
5380.0,0
5381.0,7
5382.0,0
5383.0,4
5384.0,7
5385.0,0
5386.0,3
5387.0,1
5388.0,1
5390.0,8
5391.0,2
5392.0,3
5393.0,1
5394.0,0
5395.0,3
5396.0,1
5397.0,0
5398.0,0
5399.0,2
5400.0,3
5401.0,0
5402.0,1
5403.0,1
5404.0,0
5405.0,0
5406.0,8
5407.0,1
5408.0,2
5409.0,6
5410.0,0
5411.0,1
5412.0,0
5413.0,3
5414.0,1
5415.0,3
5416.0,0
5417.0,2
5418.0,2
5419.0,8
5420.0,3
5421.0,2
5422.0,2
5423.0,7
5424.0,3
5425.0,3
5426.0,7
5427.0,6
5428.0,5
5429.0,0
5430.0,3
5431.0,3
5432.0,6
5433.0,8
5434.0,0
5435.0,2
5436.0,0
5437.0,0
5438.0,5
5439.0,0
5440.0,3
5441.0,0
5442.0,2
5443.0,5
5444.0,0
5445.0,10
5446.0,5
5447.0,5
5448.0,8
5449.0,0
5450.0,8
5451.0,3
5452.0,7
5453.0,1
5455.0,8
5456.0,9
5457.0,2
5458.0,0
5459.0,0
5460.0,6
5461.0,5
5462.0,7
5463.0,3
5464.0,1
5465.0,6
5466.0,2
5467.0,5
5468.0,0
5469.0,1
5470.0,4
5471.0,1
5472.0,1
5473.0,7
5474.0,0
5475.0,5
5476.0,0
5477.0,2
5478.0,3
5479.0,0
5480.0,8
5481.0,0
5482.0,0
5483.0,2
5484.0,3
5485.0,5
5486.0,1
5487.0,4
5488.0,0
5489.0,1
5490.0,5
5491.0,0
5492.0,2
5493.0,3
5494.0,3
5495.0,0
5498.0,1
5499.0,0
5500.0,0
5501.0,6
5502.0,8
5503.0,0
5504.0,0
5505.0,1
5506.0,7
5507.0,5
5508.0,1
5509.0,1
5510.0,8
5511.0,0
5512.0,0
5513.0,2
5514.0,9
5516.0,1
5517.0,2
5518.0,8
5519.0,0
5520.0,9
5521.0,1
5522.0,0
5523.0,0
5524.0,4
5525.0,1
5527.0,0
5528.0,0
5529.0,3
5530.0,0
5531.0,1
5532.0,7
5533.0,1
5534.0,2
5535.0,2
5536.0,2
5537.0,0
5538.0,2
5539.0,8
5540.0,4
5541.0,5
5543.0,8
5544.0,1
5545.0,3
5546.0,7
5547.0,2
5548.0,0
5549.0,0
5550.0,2
5551.0,5
5552.0,5
5553.0,0
5554.0,7
5555.0,3
5556.0,7
5557.0,8
5558.0,0
5559.0,0
5560.0,0
5561.0,6
5562.0,7
5563.0,8
5564.0,2
5565.0,0
5566.0,0
5567.0,1
5568.0,9
5570.0,0
5571.0,2
5572.0,5
5573.0,0
5574.0,0
5575.0,3
5576.0,0
5577.0,2
5578.0,0
5579.0,7
5580.0,1
5581.0,2
5582.0,6
5583.0,8
5584.0,3
5585.0,0
5587.0,0
5588.0,8
5589.0,7
5590.0,8
5591.0,2
5592.0,1
5593.0,0
5594.0,0
5595.0,6
5596.0,4
5597.0,0
5598.0,8
5599.0,0
5600.0,0
5602.0,0
5603.0,4
5604.0,0
5605.0,5
5606.0,1
5607.0,0
5608.0,1
5609.0,0
5610.0,1
5611.0,0
5612.0,1
5613.0,5
5614.0,4
5615.0,0
5616.0,7
5617.0,1
5618.0,3
5619.0,7
5620.0,6
5621.0,2
5623.0,2
5624.0,0
5625.0,0
5626.0,1
5627.0,3
5628.0,1
5629.0,1
5630.0,1
5631.0,5
5632.0,0
5633.0,0
5634.0,5
5635.0,0
5636.0,4
5637.0,5
5638.0,7
5639.0,8
5640.0,2
5641.0,3
5642.0,2
5643.0,6
5644.0,5
5645.0,8
5646.0,0
5647.0,0
5648.0,2
5649.0,2
5650.0,5
5651.0,1
5652.0,1
5653.0,3
5654.0,0
5655.0,2
5656.0,8
5657.0,0
5658.0,5
5659.0,4
5660.0,0
5661.0,3
5662.0,0
5663.0,3
5664.0,5
5665.0,1
5666.0,1
5667.0,1
5668.0,2
5669.0,1
5670.0,2
5671.0,1
5672.0,0
5673.0,2
5674.0,7
5675.0,2
5676.0,7
5677.0,3
5678.0,1
5679.0,1
5680.0,2
5681.0,5
5682.0,1
5683.0,4
5684.0,2
5685.0,2
5686.0,0
5687.0,3
5688.0,1
5689.0,0
5690.0,0
5691.0,4
5692.0,3
5693.0,2
5694.0,3
5695.0,0
5696.0,7
5697.0,0
5698.0,1
5699.0,8
5700.0,0
5701.0,2
5703.0,1
5704.0,1
5705.0,1
5706.0,8
5707.0,0
5708.0,3
5709.0,0
5710.0,4
5711.0,5
5712.0,1
5713.0,2
5714.0,0
5715.0,7
5716.0,0
5717.0,3
5718.0,1
5719.0,5
5720.0,0
5721.0,0
5722.0,1
5723.0,0
5724.0,0
5725.0,1
5726.0,7
5727.0,0
5728.0,0
5729.0,4
5730.0,11
5731.0,3
5732.0,0
5733.0,0
5734.0,8
5735.0,1
5736.0,6
5737.0,10
5738.0,8
5739.0,6
5740.0,6
5741.0,3
5742.0,1
5743.0,2
5744.0,8
5745.0,8
5746.0,4
5747.0,4
5748.0,0
5749.0,2
5750.0,6
5751.0,2
5752.0,7
5753.0,2
5754.0,3
5756.0,0
5757.0,2
5758.0,1
5759.0,3
5760.0,5
5761.0,4
5762.0,1
5763.0,3
5764.0,7
5765.0,7
5766.0,1
5767.0,2
5768.0,0
5769.0,1
5770.0,1
5771.0,1
5772.0,7
5773.0,7
5774.0,6
5775.0,10
5776.0,8
5777.0,0
5778.0,5
5779.0,3
5780.0,4
5781.0,9
5782.0,0
5783.0,6
5784.0,8
5785.0,3
5786.0,10
5787.0,1
5788.0,0
5789.0,0
5790.0,0
5791.0,3
5792.0,2
5793.0,3
5794.0,7
5795.0,2
5796.0,4
5797.0,11
5798.0,1
5799.0,2
5800.0,5
5801.0,5
5802.0,8
5803.0,0
5804.0,3
5805.0,3
5806.0,0
5807.0,11
5808.0,2
5809.0,4
5810.0,1
5811.0,1
5812.0,0
5813.0,10
5814.0,0
5815.0,3
5816.0,0
5817.0,7
5818.0,5
5819.0,4
5820.0,0
5821.0,7
5822.0,7
5823.0,11
5824.0,5
5825.0,0
5826.0,1
5827.0,2
5828.0,10
5829.0,0
5830.0,0
5831.0,0
5832.0,8
5833.0,1
5834.0,4
5835.0,4
5836.0,4
5837.0,6
5839.0,2
5840.0,1
5841.0,10
5842.0,1
5843.0,1
5844.0,11
5845.0,2
5846.0,0
5847.0,6
5848.0,2
5849.0,1
5850.0,1
5851.0,5
5852.0,5
5853.0,1
5854.0,5
5855.0,0
5856.0,0
5857.0,8
5858.0,3
5859.0,7
5860.0,1
5861.0,1
5862.0,8
5863.0,1
5864.0,8
5865.0,0
5866.0,3
5867.0,3
5868.0,1
5869.0,1
5870.0,2
5871.0,0
5872.0,0
5873.0,0
5874.0,3
5875.0,7
5876.0,7
5877.0,0
5878.0,2
5879.0,2
5880.0,0
5881.0,6
5882.0,0
5883.0,0
5884.0,2
5885.0,2
5886.0,3
5887.0,3
5888.0,4
5889.0,0
5890.0,5
5891.0,3
5892.0,4
5893.0,3
5894.0,2
5895.0,1
5896.0,1
5897.0,6
5898.0,2
5899.0,5
5900.0,10
5901.0,2
5902.0,4
5903.0,4
5904.0,2
5905.0,2
5906.0,0
5907.0,4
5908.0,5
5909.0,3
5910.0,1
5911.0,6
5912.0,0
5914.0,8
5915.0,0
5916.0,0
5917.0,6
5918.0,1
5919.0,0
5920.0,10
5921.0,2
5922.0,1
5923.0,0
5924.0,7
5925.0,2
5926.0,8
5927.0,5
5928.0,2
5929.0,0
5930.0,8
5931.0,4
5932.0,4
5933.0,2
5934.0,1
5935.0,6
5936.0,1
5937.0,0
5938.0,4
5939.0,8
5940.0,0
5941.0,0
5942.0,2
5943.0,0
5944.0,1
5945.0,2
5946.0,6
5947.0,1
5948.0,10
5949.0,2
5950.0,6
5951.0,11
5952.0,5
5953.0,3
5954.0,1
5955.0,2
5956.0,1
5957.0,2
5958.0,1
5959.0,6
5960.0,0
5961.0,7
5962.0,1
5963.0,2
5964.0,8
5965.0,7
5966.0,1
5967.0,11
5968.0,1
5969.0,2
5970.0,4
5971.0,7
5972.0,1
5973.0,1
5974.0,1
5975.0,0
5976.0,0
5977.0,1
5978.0,0
5979.0,7
5980.0,1
5981.0,11
5982.0,1
5983.0,3
5984.0,2
5985.0,0
5986.0,6
5987.0,4
5988.0,4
5989.0,1
5990.0,0
5991.0,2
5992.0,1
5993.0,1
5994.0,11
5995.0,8
5996.0,2
5997.0,3
5998.0,1
5999.0,5
6000.0,2
6001.0,8
6002.0,1
6003.0,7
6004.0,7
6005.0,3
6006.0,1
6007.0,5
6008.0,1
6009.0,0
6010.0,3
6011.0,11
6012.0,0
6014.0,0
6015.0,0
6016.0,2
6017.0,3
6018.0,2
6019.0,2
6020.0,6
6022.0,0
6023.0,3
6024.0,7
6025.0,1
6027.0,1
6028.0,0
6029.0,9
6030.0,7
6031.0,6
6032.0,3
6033.0,6
6034.0,0
6035.0,1
6036.0,1
6037.0,2
6038.0,4
6039.0,4
6040.0,10
6041.0,6
6042.0,0
6043.0,0
6044.0,2
6045.0,3
6046.0,0
6047.0,0
6048.0,3
6050.0,2
6051.0,3
6053.0,8
6054.0,3
6055.0,1
6056.0,6
6057.0,0
6058.0,2
6059.0,1
6060.0,6
6061.0,5
6062.0,4
6063.0,1
6064.0,1
6065.0,5
6066.0,4
6067.0,7
6068.0,0
6069.0,3
6070.0,4
6071.0,4
6072.0,1
6073.0,5
6074.0,3
6075.0,5
6076.0,0
6077.0,0
6078.0,2
6079.0,1
6080.0,1
6081.0,5
6082.0,7
6083.0,2
6084.0,3
6085.0,4
6086.0,1
6087.0,8
6088.0,0
6089.0,3
6090.0,4
6091.0,7
6092.0,0
6093.0,6
6094.0,8
6095.0,3
6096.0,1
6097.0,4
6098.0,1
6099.0,1
6100.0,1
6101.0,0
6102.0,1
6103.0,3
6104.0,0
6105.0,2
6106.0,4
6107.0,5
6108.0,0
6109.0,0
6110.0,7
6111.0,0
6112.0,1
6113.0,1
6114.0,7
6115.0,0
6116.0,4
6117.0,3
6118.0,0
6119.0,7
6120.0,11
6121.0,1
6122.0,5
6123.0,5
6124.0,1
6125.0,2
6126.0,1
6127.0,5
6128.0,11
6129.0,1
6130.0,2
6131.0,6
6132.0,4
6133.0,1
6134.0,10
6135.0,7
6136.0,2
6137.0,8
6138.0,0
6139.0,6
6140.0,1
6141.0,5
6142.0,1
6143.0,6
6144.0,8
6145.0,1
6146.0,1
6147.0,1
6148.0,5
6149.0,2
6150.0,7
6151.0,8
6152.0,8
6153.0,0
6154.0,1
6155.0,6
6156.0,2
6157.0,0
6158.0,2
6159.0,8
6160.0,7
6161.0,7
6163.0,1
6164.0,2
6165.0,4
6166.0,7
6167.0,6
6169.0,1
6170.0,4
6171.0,7
6172.0,1
6173.0,1
6174.0,1
6175.0,6
6176.0,2
6177.0,7
6178.0,2
6179.0,4
6180.0,4
6181.0,3
6182.0,0
6183.0,2
6184.0,1
6185.0,2
6186.0,5
6187.0,5
6188.0,1
6189.0,8
6190.0,1
6191.0,1
6192.0,4
6193.0,1
6194.0,1
6195.0,7
6196.0,1
6197.0,1
6198.0,2
6199.0,1
6200.0,2
6201.0,8
6202.0,0
6203.0,9
6204.0,5
6205.0,4
6206.0,5
6207.0,4
6208.0,1
6209.0,1
6210.0,1
6211.0,2
6212.0,7
6213.0,1
6214.0,4
6215.0,1
6216.0,6
6217.0,4
6218.0,3
6219.0,1
6220.0,1
6221.0,7
6222.0,1
6223.0,6
6225.0,0
6226.0,1
6227.0,4
6228.0,1
6229.0,0
6230.0,4
6231.0,1
6232.0,2
6233.0,7
6234.0,1
6235.0,1
6236.0,2
6237.0,0
6238.0,9
6239.0,3
6240.0,1
6241.0,6
6242.0,1
6243.0,3
6244.0,6
6245.0,7
6246.0,2
6247.0,6
6248.0,1
6249.0,4
6250.0,0
6251.0,0
6252.0,0
6253.0,1
6254.0,1
6255.0,5
6256.0,1
6257.0,1
6258.0,4
6259.0,4
6260.0,0
6261.0,1
6262.0,10
6263.0,4
6264.0,1
6265.0,1
6266.0,0
6267.0,1
6268.0,1
6269.0,9
6270.0,7
6271.0,1
6272.0,1
6273.0,2
6274.0,4
6275.0,3
6276.0,0
6277.0,2
6278.0,2
6279.0,5
6280.0,1
6281.0,4
6282.0,1
6283.0,1
6284.0,1
6285.0,1
6286.0,5
6287.0,9
6288.0,6
6289.0,1
6291.0,8
6292.0,3
6293.0,3
6294.0,2
6295.0,5
6296.0,6
6297.0,0
6298.0,11
6299.0,2
6300.0,4
6301.0,1
6302.0,4
6303.0,3
6304.0,3
6305.0,4
6306.0,4
6307.0,1
6308.0,0
6309.0,1
6310.0,7
6311.0,5
6312.0,4
6313.0,2
6314.0,5
6316.0,5
6317.0,3
6318.0,6
6319.0,6
6320.0,1
6321.0,1
6322.0,10
6323.0,6
6324.0,1
6325.0,4
6326.0,1
6327.0,8
6328.0,1
6329.0,1
6330.0,3
6331.0,6
6332.0,5
6333.0,1
6334.0,1
6335.0,0
6336.0,4
6337.0,1
6338.0,0
6339.0,0
6340.0,7
6341.0,1
6342.0,9
6343.0,2
6344.0,0
6345.0,0
6346.0,1
6347.0,2
6348.0,0
6349.0,8
6350.0,2
6351.0,1
6352.0,5
6353.0,3
6354.0,4
6355.0,10
6356.0,0
6357.0,6
6358.0,6
6359.0,2
6360.0,2
6361.0,1
6362.0,1
6363.0,1
6364.0,0
6365.0,2
6366.0,5
6368.0,1
6369.0,7
6370.0,2
6371.0,6
6372.0,1
6373.0,2
6374.0,0
6375.0,2
6376.0,7
6377.0,1
6378.0,1
6379.0,1
6380.0,1
6381.0,1
6383.0,1
6384.0,0
6385.0,7
6386.0,6
6387.0,1
6388.0,2
6389.0,1
6390.0,9
6391.0,7
6392.0,1
6393.0,1
6394.0,0
6395.0,2
6396.0,5
6397.0,0
6398.0,1
6399.0,2
6400.0,1
6401.0,1
6402.0,1
6403.0,4
6404.0,1
6405.0,0
6406.0,1
6407.0,0
6408.0,6
6410.0,8
6411.0,1
6412.0,1
6413.0,1
6414.0,1
6415.0,8
6416.0,1
6417.0,8
6418.0,6
6419.0,2
6420.0,5
6421.0,1
6422.0,1
6423.0,2
6424.0,7
6425.0,10
6426.0,8
6427.0,8
6428.0,5
6429.0,2
6430.0,10
6431.0,11
6432.0,4
6433.0,2
6434.0,2
6435.0,6
6436.0,5
6437.0,2
6438.0,6
6439.0,2
6440.0,0
6441.0,1
6442.0,5
6443.0,1
6444.0,5
6445.0,9
6446.0,4
6447.0,10
6448.0,7
6449.0,3
6450.0,2
6451.0,4
6452.0,4
6453.0,2
6454.0,8
6455.0,8
6456.0,1
6457.0,1
6458.0,3
6459.0,6
6460.0,3
6461.0,0
6462.0,1
6463.0,7
6464.0,8
6465.0,2
6466.0,2
6467.0,11
6468.0,1
6469.0,2
6470.0,1
6471.0,7
6472.0,6
6473.0,6
6474.0,1
6475.0,1
6476.0,5
6477.0,5
6478.0,4
6479.0,10
6480.0,2
6481.0,1
6482.0,4
6483.0,9
6484.0,8
6485.0,2
6486.0,6
6487.0,1
6488.0,1
6489.0,11
6490.0,7
6491.0,1
6492.0,0
6493.0,4
6494.0,4
6495.0,2
6496.0,0
6497.0,8
6498.0,8
6499.0,1
6500.0,0
6501.0,7
6502.0,1
6504.0,1
6506.0,6
6507.0,1
6508.0,1
6509.0,6
6510.0,1
6511.0,3
6512.0,0
6513.0,0
6514.0,6
6515.0,3
6516.0,0
6517.0,0
6518.0,1
6519.0,4
6520.0,4
6521.0,8
6522.0,1
6523.0,1
6524.0,2
6525.0,0
6526.0,7
6527.0,0
6528.0,4
6529.0,1
6530.0,1
6531.0,3
6532.0,8
6533.0,7
6534.0,0
6535.0,2
6536.0,4
6537.0,4
6538.0,6
6539.0,2
6540.0,3
6541.0,8
6542.0,4
6543.0,1
6544.0,2
6545.0,0
6546.0,2
6547.0,1
6548.0,3
6549.0,1
6550.0,4
6551.0,4
6552.0,5
6553.0,5
6554.0,0
6555.0,5
6556.0,4
6557.0,0
6558.0,1
6559.0,1
6560.0,2
6561.0,0
6562.0,8
6563.0,1
6564.0,4
6565.0,1
6566.0,4
6567.0,8
6568.0,1
6569.0,2
6570.0,0
6571.0,4
6572.0,0
6573.0,4
6574.0,5
6575.0,5
6576.0,5
6577.0,0
6578.0,0
6579.0,0
6580.0,4
6581.0,4
6582.0,1
6583.0,0
6584.0,3
6585.0,10
6586.0,7
6587.0,1
6588.0,3
6589.0,2
6590.0,0
6591.0,4
6592.0,2
6593.0,3
6594.0,4
6595.0,0
6596.0,4
6597.0,0
6598.0,1
6599.0,3
6600.0,5
6601.0,0
6602.0,2
6603.0,2
6604.0,4
6605.0,1
6606.0,0
6607.0,6
6608.0,1
6609.0,6
6610.0,4
6611.0,1
6612.0,4
6613.0,2
6614.0,4
6615.0,1
6616.0,0
6617.0,1
6618.0,6
6620.0,1
6621.0,5
6622.0,2
6623.0,2
6624.0,0
6625.0,4
6626.0,3
6627.0,2
6628.0,1
6629.0,0
6630.0,0
6631.0,4
6632.0,4
6633.0,0
6634.0,1
6635.0,2
6636.0,0
6637.0,11
6638.0,2
6639.0,4
6640.0,6
6641.0,1
6642.0,10
6643.0,0
6644.0,8
6645.0,3
6646.0,8
6647.0,4
6648.0,1
6649.0,1
6650.0,4
6651.0,1
6652.0,1
6653.0,6
6654.0,3
6655.0,0
6656.0,2
6657.0,4
6658.0,0
6659.0,3
6660.0,1
6661.0,0
6662.0,8
6663.0,0
6664.0,0
6665.0,5
6666.0,10
6667.0,7
6668.0,0
6669.0,0
6670.0,4
6671.0,2
6672.0,8
6673.0,4
6674.0,1
6675.0,5
6676.0,0
6677.0,5
6678.0,3
6679.0,10
6680.0,1
6681.0,1
6682.0,0
6683.0,1
6684.0,0
6685.0,0
6687.0,4
6688.0,4
6689.0,9
6690.0,6
6691.0,1
6692.0,0
6693.0,10
6694.0,1
6695.0,2
6696.0,0
6697.0,7
6698.0,1
6699.0,4
6700.0,0
6701.0,0
6702.0,10
6703.0,10
6704.0,10
6705.0,7
6706.0,1
6707.0,0
6708.0,1
6709.0,0
6710.0,0
6711.0,11
6712.0,4
6713.0,0
6714.0,2
6715.0,8
6716.0,4
6717.0,1
6718.0,6
6719.0,3
6720.0,1
6721.0,2
6722.0,2
6723.0,4
6724.0,8
6725.0,0
6726.0,4
6727.0,1
6728.0,0
6729.0,0
6730.0,11
6731.0,1
6732.0,2
6733.0,1
6734.0,1
6735.0,10
6736.0,0
6737.0,0
6738.0,1
6739.0,0
6740.0,8
6741.0,0
6742.0,7
6743.0,1
6744.0,2
6745.0,1
6746.0,1
6747.0,2
6748.0,0
6749.0,4
6750.0,0
6751.0,0
6752.0,8
6753.0,0
6754.0,5
6755.0,7
6756.0,4
6757.0,6
6758.0,4
6759.0,4
6760.0,2
6761.0,2
6762.0,8
6763.0,0
6764.0,0
6765.0,8
6766.0,1
6767.0,0
6768.0,0
6769.0,0
6770.0,1
6771.0,4
6772.0,4
6773.0,0
6774.0,8
6775.0,0
6776.0,4
6777.0,0
6778.0,1
6779.0,0
6780.0,2
6781.0,7
6782.0,1
6783.0,2
6784.0,0
6785.0,5
6786.0,4
6787.0,8
6788.0,0
6789.0,6
6790.0,0
6791.0,0
6792.0,1
6793.0,0
6794.0,2
6795.0,0
6796.0,2
6797.0,7
6798.0,3
6799.0,7
6800.0,3
6801.0,0
6802.0,5
6803.0,4
6804.0,0
6805.0,1
6806.0,4
6807.0,0
6808.0,4
6809.0,3
6810.0,0
6811.0,0
6812.0,4
6813.0,2
6814.0,0
6815.0,5
6816.0,6
6817.0,2
6818.0,4
6819.0,4
6820.0,0
6821.0,0
6822.0,7
6823.0,6
6824.0,0
6825.0,6
6826.0,4
6827.0,11
6828.0,2
6829.0,3
6830.0,6
6831.0,2
6832.0,2
6833.0,8
6834.0,8
6835.0,0
6836.0,0
6837.0,0
6838.0,8
6839.0,7
6840.0,8
6841.0,4
6842.0,3
6843.0,7
6844.0,2
6845.0,1
6846.0,5
6847.0,8
6848.0,0
6849.0,7
6850.0,1
6851.0,5
6852.0,6
6853.0,2
6854.0,8
6855.0,8
6857.0,2
6858.0,5
6859.0,4
6860.0,0
6861.0,2
6862.0,5
6863.0,2
6864.0,5
6865.0,4
6866.0,0
6868.0,1
6869.0,6
6870.0,0
6871.0,2
6872.0,0
6873.0,0
6874.0,7
6875.0,5
6876.0,1
6877.0,6
6878.0,9
6879.0,2
6880.0,4
6881.0,0
6882.0,4
6883.0,9
6884.0,3
6885.0,2
6886.0,1
6887.0,0
6888.0,4
6889.0,5
6890.0,7
6891.0,0
6892.0,3
6893.0,4
6894.0,6
6895.0,0
6896.0,2
6897.0,10
6898.0,0
6899.0,7
6900.0,7
6901.0,0
6902.0,0
6903.0,9
6904.0,8
6905.0,0
6906.0,1
6907.0,1
6908.0,6
6909.0,0
6910.0,0
6911.0,0
6912.0,8
6913.0,0
6914.0,3
6915.0,10
6916.0,0
6917.0,4
6918.0,0
6919.0,0
6920.0,0
6921.0,4
6922.0,7
6923.0,7
6924.0,0
6925.0,3
6926.0,5
6927.0,2
6928.0,2
6929.0,6
6930.0,5
6931.0,5
6932.0,0
6933.0,0
6934.0,4
6935.0,0
6936.0,0
6937.0,0
6938.0,0
6939.0,0
6940.0,0
6941.0,8
6942.0,0
6944.0,0
6945.0,8
6946.0,8
6947.0,4
6948.0,11
6949.0,0
6950.0,1
6951.0,1
6952.0,0
6953.0,2
6954.0,6
6955.0,3
6956.0,8
6957.0,7
6958.0,4
6959.0,3
6960.0,4
6961.0,0
6963.0,4
6964.0,3
6965.0,7
6966.0,0
6967.0,0
6968.0,2
6969.0,0
6970.0,8
6971.0,4
6972.0,1
6973.0,1
6974.0,8
6975.0,7
6976.0,7
6977.0,9
6978.0,0
6979.0,1
6980.0,2
6981.0,2
6982.0,11
6983.0,3
6984.0,1
6985.0,4
6986.0,0
6987.0,3
6988.0,9
6989.0,5
6990.0,4
6991.0,10
6992.0,2
6993.0,1
6994.0,4
6995.0,5
6996.0,3
6997.0,7
6998.0,7
6999.0,5
7000.0,7
7001.0,0
7002.0,4
7003.0,4
7004.0,5
7005.0,8
7006.0,2
7007.0,6
7008.0,2
7009.0,0
7010.0,11
7011.0,7
7012.0,8
7013.0,8
7014.0,3
7015.0,9
7016.0,4
7017.0,1
7018.0,0
7019.0,0
7020.0,6
7021.0,4
7022.0,0
7023.0,2
7024.0,0
7025.0,7
7026.0,0
7027.0,1
7028.0,2
7029.0,7
7030.0,0
7031.0,4
7032.0,4
7033.0,0
7034.0,0
7035.0,1
7036.0,5
7037.0,1
7038.0,2
7039.0,2
7040.0,3
7041.0,3
7042.0,2
7043.0,4
7044.0,0
7045.0,0
7046.0,8
7047.0,1
7048.0,0
7049.0,0
7050.0,6
7051.0,4
7052.0,0
7053.0,0
7054.0,1
7055.0,0
7056.0,1
7057.0,0
7058.0,0
7059.0,5
7060.0,0
7061.0,0
7062.0,5
7063.0,8
7064.0,8
7065.0,2
7066.0,7
7067.0,0
7068.0,0
7069.0,0
7070.0,0
7071.0,4
7072.0,0
7073.0,4
7074.0,6
7075.0,3
7076.0,0
7077.0,7
7078.0,7
7079.0,0
7080.0,0
7081.0,0
7082.0,4
7083.0,2
7084.0,7
7085.0,5
7086.0,5
7087.0,4
7088.0,2
7089.0,1
7090.0,0
7091.0,1
7092.0,0
7093.0,3
7094.0,10
7095.0,10
7096.0,0
7097.0,0
7098.0,2
7099.0,4
7100.0,0
7101.0,0
7102.0,0
7103.0,2
7104.0,4
7105.0,3
7106.0,10
7107.0,8
7108.0,3
7109.0,2
7110.0,1
7111.0,0
7112.0,0
7113.0,0
7114.0,4
7115.0,11
7116.0,4
7117.0,0
7118.0,1
7119.0,0
7121.0,1
7122.0,0
7123.0,5
7124.0,7
7125.0,1
7126.0,0
7127.0,8
7128.0,1
7129.0,0
7130.0,0
7131.0,4
7132.0,10
7133.0,1
7134.0,0
7135.0,2
7136.0,4
7137.0,2
7138.0,0
7139.0,11
7140.0,0
7141.0,0
7142.0,8
7143.0,7
7144.0,8
7145.0,7
7146.0,4
7147.0,6
7148.0,3
7149.0,1
7150.0,4
7151.0,0
7152.0,4
7153.0,8
7154.0,5
7155.0,2
7156.0,6
7157.0,4
7158.0,0
7159.0,0
7160.0,4
7161.0,11
7162.0,8
7163.0,0
7164.0,0
7165.0,4
7166.0,0
7167.0,0
7168.0,0
7169.0,1
7170.0,1
7171.0,3
7172.0,2
7173.0,2
7174.0,1
7175.0,4
7176.0,0
7177.0,0
7178.0,0
7179.0,0
7180.0,3
7181.0,0
7182.0,6
7183.0,2
7184.0,1
7185.0,1
7186.0,0
7187.0,8
7188.0,0
7189.0,8
7190.0,7
7191.0,1
7192.0,8
7193.0,8
7194.0,0
7195.0,5
7196.0,0
7197.0,0
7198.0,4
7199.0,0
7200.0,1
7201.0,3
7202.0,0
7203.0,4
7204.0,7
7205.0,6
7206.0,0
7207.0,6
7208.0,3
7209.0,0
7210.0,5
7211.0,0
7212.0,0
7213.0,1
7214.0,4
7215.0,3
7216.0,7
7217.0,7
7218.0,3
7219.0,4
7220.0,2
7221.0,4
7222.0,0
7223.0,4
7224.0,4
7225.0,2
7226.0,0
7227.0,7
7228.0,1
7229.0,9
7230.0,0
7231.0,2
7232.0,0
7233.0,0
7234.0,0
7235.0,5
7236.0,2
7237.0,11
7238.0,0
7239.0,0
7240.0,0
7241.0,0
7242.0,5
7243.0,2
7244.0,2
7245.0,0
7246.0,1
7247.0,0
7248.0,8
7249.0,0
7250.0,2
7251.0,0
7252.0,7
7253.0,7
7254.0,2
7255.0,6
7257.0,6
7258.0,9
7259.0,0
7260.0,0
7261.0,2
7262.0,0
7263.0,0
7264.0,1
7265.0,0
7266.0,8
7267.0,0
7268.0,9
7269.0,7
7270.0,4
7271.0,6
7272.0,2
7273.0,7
7274.0,0
7275.0,4
7276.0,2
7277.0,1
7278.0,3
7279.0,5
7280.0,0
7281.0,2
7282.0,5
7283.0,0
7284.0,0
7285.0,0
7286.0,0
7287.0,1
7288.0,0
7289.0,0
7290.0,0
7291.0,7
7292.0,3
7293.0,0
7294.0,0
7295.0,7
7296.0,1
7297.0,2
7298.0,4
7299.0,8
7300.0,9
7301.0,1
7302.0,3
7303.0,0
7304.0,1
7305.0,6
7306.0,0
7307.0,6
7308.0,1
7309.0,5
7310.0,0
7311.0,2
7312.0,0
7313.0,0
7314.0,4
7315.0,0
7316.0,8
7317.0,7
7318.0,2
7319.0,2
7320.0,3
7321.0,4
7322.0,0
7323.0,5
7324.0,0
7325.0,0
7326.0,0
7327.0,0
7328.0,0
7329.0,6
7330.0,2
7331.0,10
7332.0,0
7333.0,1
7334.0,4
7335.0,2
7336.0,1
7337.0,0
7338.0,7
7339.0,1
7340.0,2
7341.0,1
7342.0,2
7343.0,4
7344.0,0
7345.0,1
7346.0,0
7347.0,2
7348.0,0
7349.0,2
7350.0,1
7351.0,3
7352.0,0
7353.0,0
7354.0,1
7355.0,0
7356.0,0
7357.0,0
7358.0,0
7359.0,7
7360.0,0
7361.0,6
7362.0,1
7363.0,0
7364.0,0
7365.0,1
7366.0,0
7367.0,2
7368.0,1
7369.0,4
7370.0,0
7371.0,0
7372.0,2
7373.0,2
7374.0,4
7375.0,2
7376.0,6
7377.0,1
7378.0,7
7379.0,2
7380.0,0
7381.0,0
7382.0,4
7383.0,1
7384.0,7
7385.0,0
7386.0,0
7387.0,0
7388.0,1
7389.0,0
7390.0,0
7391.0,4
7392.0,2
7393.0,8
7394.0,0
7395.0,0
7396.0,0
7397.0,3
7398.0,0
7399.0,0
7400.0,8
7401.0,0
7402.0,1
7403.0,1
7404.0,0
7405.0,3
7406.0,5
7407.0,7
7408.0,0
7409.0,4
7410.0,2
7411.0,0
7412.0,1
7413.0,4
7414.0,8
7415.0,6
7416.0,1
7417.0,0
7418.0,8
7419.0,6
7420.0,0
7421.0,0
7422.0,5
7423.0,0
7424.0,2
7425.0,7
7426.0,7
7427.0,0
7428.0,2
7429.0,2
7430.0,0
7431.0,0
7432.0,7
7433.0,0
7434.0,4
7435.0,5
7436.0,1
7437.0,7
7438.0,2
7439.0,10
7440.0,0
7441.0,1
7442.0,1
7443.0,1
7444.0,6
7445.0,2
7446.0,3
7447.0,1
7448.0,3
7449.0,5
7450.0,6
7451.0,5
7452.0,4
7453.0,0
7454.0,3
7455.0,0
7456.0,2
7457.0,1
7458.0,0
7459.0,0
7460.0,0
7461.0,0
7462.0,6
7463.0,0
7464.0,5
7465.0,8
7466.0,1
7467.0,1
7468.0,6
7469.0,0
7470.0,1
7471.0,7
7472.0,7
7473.0,2
7474.0,2
7475.0,0
7476.0,0
7477.0,8
7478.0,6
7479.0,3
7480.0,0
7481.0,0
7482.0,5
7483.0,2
7484.0,0
7485.0,7
7486.0,1
7487.0,2
7488.0,0
7489.0,2
7490.0,0
7491.0,3
7492.0,6
7493.0,0
7494.0,8
7495.0,0
7496.0,0
7497.0,9
7498.0,9
7499.0,2
7500.0,1
7501.0,0
7502.0,9
7503.0,0
7504.0,5
7505.0,6
7506.0,10
7507.0,0
7508.0,0
7509.0,0
7510.0,4
7511.0,1
7512.0,8
7513.0,6
7514.0,2
7515.0,9
7516.0,1
7517.0,2
7518.0,0
7519.0,1
7520.0,3
7521.0,7
7522.0,6
7523.0,1
7524.0,0
7525.0,0
7526.0,4
7527.0,1
7528.0,0
7529.0,6
7530.0,3
7531.0,4
7532.0,1
7533.0,0
7534.0,7
7535.0,5
7536.0,2
7537.0,1
7538.0,3
7539.0,2
7540.0,1
7541.0,0
7542.0,0
7543.0,0
7544.0,8
7545.0,0
7546.0,0
7547.0,2
7548.0,7
7549.0,1
7550.0,1
7551.0,1
7552.0,1
7553.0,0
7554.0,1
7555.0,9
7556.0,0
7557.0,3
7558.0,9
7559.0,10
7560.0,3
7561.0,0
7562.0,3
7563.0,0
7564.0,0
7565.0,2
7566.0,6
7567.0,3
7568.0,1
7569.0,6
7570.0,9
7571.0,0
7572.0,5
7573.0,7
7574.0,7
7575.0,0
7576.0,0
7577.0,2
7578.0,1
7579.0,0
7580.0,1
7581.0,5
7582.0,1
7583.0,7
7584.0,7
7585.0,0
7586.0,0
7587.0,0
7588.0,0
7589.0,1
7590.0,2
7591.0,0
7593.0,2
7594.0,7
7595.0,2
7596.0,9
7597.0,6
7598.0,2
7599.0,3
7600.0,6
7601.0,0
7602.0,0
7603.0,3
7604.0,0
7605.0,5
7606.0,3
7607.0,2
7608.0,5
7609.0,8
7610.0,4
7611.0,0
7612.0,0
7613.0,2
7614.0,2
7615.0,5
7616.0,3
7617.0,1
7618.0,1
7619.0,7
7620.0,4
7621.0,8
7622.0,1
7623.0,3
7624.0,0
7625.0,2
7626.0,0
7627.0,2
7628.0,2
7629.0,5
7630.0,4
7631.0,5
7632.0,4
7633.0,3
7634.0,0
7635.0,0
7636.0,0
7637.0,10
7638.0,1
7639.0,1
7640.0,0
7641.0,1
7642.0,0
7643.0,8
7644.0,1
7645.0,3
7646.0,1
7647.0,3
7648.0,8
7649.0,7
7650.0,0
7651.0,1
7652.0,1
7653.0,2
7654.0,6
7655.0,7
7656.0,2
7657.0,0
7658.0,0
7659.0,1
7660.0,0
7661.0,2
7662.0,0
7663.0,5
7664.0,4
7665.0,2
7666.0,2
7667.0,7
7668.0,7
7669.0,2
7670.0,0
7671.0,0
7672.0,1
7673.0,1
7674.0,1
7675.0,5
7676.0,0
7677.0,2
7678.0,6
7679.0,7
7680.0,2
7681.0,0
7682.0,0
7683.0,0
7684.0,3
7685.0,9
7686.0,10
7687.0,0
7688.0,2
7689.0,3
7690.0,1
7691.0,6
7692.0,2
7693.0,2
7694.0,0
7695.0,7
7696.0,6
7697.0,0
7698.0,6
7699.0,1
7700.0,4
7701.0,10
7702.0,8
7703.0,8
7704.0,1
7705.0,6
7706.0,5
7707.0,1
7708.0,3
7709.0,1
7710.0,0
7711.0,0
7712.0,2
7713.0,10
7714.0,1
7715.0,1
7716.0,2
7717.0,0
7718.0,1
7719.0,0
7720.0,0
7721.0,8
7722.0,0
7723.0,4
7724.0,1
7725.0,2
7726.0,0
7727.0,10
7728.0,0
7729.0,8
7730.0,1
7731.0,2
7732.0,0
7733.0,0
7734.0,0
7735.0,0
7736.0,0
7737.0,1
7738.0,4
7739.0,0
7740.0,5
7741.0,1
7742.0,9
7743.0,1
7744.0,0
7745.0,2
7746.0,1
7747.0,1
7748.0,6
7749.0,0
7750.0,3
7751.0,2
7752.0,3
7753.0,3
7754.0,1
7755.0,9
7756.0,7
7757.0,1
7758.0,0
7759.0,0
7760.0,6
7761.0,0
7762.0,2
7763.0,1
7764.0,2
7765.0,6
7766.0,0
7767.0,1
7768.0,0
7769.0,3
7770.0,3
7771.0,2
7772.0,6
7773.0,0
7774.0,0
7775.0,1
7776.0,11
7777.0,0
7778.0,6
7779.0,1
7780.0,1
7781.0,2
7782.0,2
7783.0,0
7784.0,2
7785.0,7
7786.0,1
7787.0,2
7788.0,2
7789.0,0
7790.0,2
7791.0,0
7792.0,10
7793.0,9
7794.0,2
7795.0,0
7796.0,4
7798.0,1
7799.0,5
7800.0,0
7801.0,6
7802.0,0
7803.0,2
7804.0,2
7805.0,1
7806.0,9
7807.0,1
7808.0,0
7809.0,6
7810.0,2
7811.0,1
7812.0,0
7813.0,0
7814.0,1
7815.0,6
7816.0,3
7817.0,0
7818.0,0
7819.0,0
7820.0,1
7821.0,0
7822.0,0
7823.0,5
7824.0,1
7825.0,5
7826.0,1
7827.0,2
7828.0,2
7829.0,1
7830.0,0
7831.0,6
7832.0,1
7833.0,0
7834.0,9
7835.0,2
7836.0,6
7837.0,9
7838.0,4
7839.0,5
7840.0,0
7841.0,8
7842.0,8
7843.0,1
7844.0,1
7845.0,3
7846.0,9
7847.0,2
7848.0,1
7849.0,0
7850.0,0
7851.0,1
7852.0,1
7853.0,1
7854.0,0
7855.0,1
7856.0,1
7857.0,0
7858.0,1
7859.0,2
7860.0,0
7861.0,6
7862.0,0
7863.0,0
7864.0,1
7865.0,0
7866.0,9
7867.0,9
7868.0,0
7869.0,0
7870.0,0
7871.0,1
7872.0,1
7873.0,0
7874.0,6
7875.0,2
7876.0,2
7877.0,1
7878.0,0
7879.0,1
7880.0,5
7881.0,0
7882.0,9
7883.0,0
7884.0,3
7885.0,10
7886.0,2
7887.0,1
7888.0,10
7889.0,2
7891.0,1
7892.0,2
7893.0,1
7894.0,1
7895.0,1
7896.0,0
7897.0,7
7900.0,10
7901.0,3
7902.0,0
7903.0,8
7904.0,4
7905.0,6
7906.0,0
7907.0,0
7908.0,6
7909.0,4
7910.0,7
7911.0,10
7912.0,4
7913.0,4
7914.0,8
7915.0,7
7916.0,2
7917.0,0
7918.0,8
7919.0,2
7920.0,0
7921.0,3
7922.0,2
7923.0,1
7924.0,2
7925.0,1
7926.0,2
7927.0,10
7928.0,1
7929.0,1
7930.0,0
7931.0,6
7932.0,4
7933.0,3
7934.0,1
7935.0,1
7936.0,1
7937.0,1
7938.0,5
7939.0,3
7940.0,1
7941.0,1
7942.0,0
7943.0,4
7944.0,6
7945.0,1
7946.0,7
7947.0,0
7948.0,1
7949.0,8
7950.0,1
7951.0,3
7952.0,0
7953.0,0
7954.0,0
7955.0,1
7956.0,1
7957.0,8
7958.0,1
7959.0,0
7960.0,10
7961.0,0
7962.0,1
7963.0,1
7964.0,4
7965.0,1
7966.0,0
7967.0,0
7968.0,2
7969.0,0
7970.0,0
7971.0,2
7972.0,2
7973.0,1
7974.0,1
7975.0,2
7976.0,1
7977.0,1
7978.0,4
7979.0,1
7980.0,0
7981.0,1
7982.0,2
7983.0,1
7984.0,1
7985.0,0
7986.0,8
7987.0,2
7988.0,4
7989.0,0
7990.0,1
7991.0,4
7992.0,0
7993.0,0
7994.0,1
7995.0,3
7996.0,4
7997.0,4
7998.0,0
7999.0,6
8000.0,2
8001.0,0
8002.0,1
8003.0,1
8004.0,1
8005.0,3
8006.0,0
8007.0,0
8008.0,0
8009.0,0
8010.0,0
8011.0,1
8012.0,2
8013.0,1
8015.0,6
8016.0,0
8017.0,1
8018.0,1
8019.0,2
8020.0,0
8021.0,1
8022.0,1
8023.0,1
8024.0,3
8025.0,1
8026.0,0
8027.0,2
8028.0,0
8029.0,0
8030.0,0
8031.0,7
8032.0,0
8033.0,0
8034.0,9
8035.0,1
8036.0,4
8037.0,6
8038.0,2
8039.0,1
8040.0,2
8041.0,7
8042.0,1
8043.0,2
8044.0,5
8045.0,3
8046.0,1
8047.0,2
8048.0,1
8049.0,0
8050.0,1
8051.0,0
8052.0,1
8053.0,2
8054.0,1
8055.0,1
8056.0,8
8057.0,8
8058.0,0
8059.0,1
8060.0,0
8061.0,8
8062.0,3
8063.0,1
8064.0,8
8065.0,2
8067.0,7
8068.0,9
8069.0,2
8070.0,7
8071.0,1
8072.0,4
8073.0,0
8074.0,0
8075.0,0
8076.0,10
8077.0,5
8078.0,1
8079.0,1
8080.0,1
8081.0,1
8082.0,1
8083.0,5
8084.0,2
8085.0,1
8086.0,1
8087.0,0
8088.0,1
8089.0,4
8090.0,2
8091.0,0
8092.0,2
8093.0,2
8094.0,5
8095.0,1
8096.0,0
8097.0,11
8098.0,1
8099.0,5
8100.0,0
8101.0,1
8102.0,1
8103.0,6
8104.0,1
8105.0,2
8106.0,6
8107.0,7
8108.0,1
8109.0,2
8110.0,4
8111.0,0
8113.0,4
8114.0,7
8115.0,5
8116.0,2
8117.0,0
8118.0,5
8119.0,6
8120.0,0
8121.0,5
8122.0,5
8123.0,3
8124.0,2
8125.0,0
8126.0,8
8127.0,1
8128.0,2
8129.0,0
8130.0,6
8131.0,2
8132.0,2
8133.0,7
8134.0,1
8135.0,1
8136.0,6
8137.0,0
8138.0,1
8139.0,7
8140.0,2
8141.0,0
8142.0,4
8143.0,1
8144.0,5
8145.0,1
8146.0,1
8147.0,3
8148.0,9
8149.0,1
8150.0,1
8151.0,1
8152.0,5
8153.0,2
8154.0,0
8155.0,2
8156.0,8
8157.0,0
8158.0,3
8159.0,4
8160.0,1
8161.0,7
8162.0,0
8163.0,2
8164.0,1
8165.0,0
8166.0,1
8167.0,0
8168.0,1
8169.0,4
8170.0,2
8171.0,0
8172.0,0
8173.0,1
8174.0,1
8175.0,1
8176.0,0
8177.0,8
8178.0,4
8179.0,3
8180.0,2
8181.0,1
8182.0,2
8183.0,0
8184.0,1
8185.0,0
8186.0,10
8187.0,1
8188.0,0
8189.0,6
8190.0,1
8191.0,6
8192.0,1
8193.0,10
8194.0,7
8195.0,4
8196.0,2
8197.0,1
8198.0,2
8199.0,0
8200.0,3
8201.0,1
8202.0,0
8203.0,2
8204.0,0
8205.0,4
8206.0,1
8207.0,5
8208.0,1
8209.0,0
8210.0,4
8211.0,7
8212.0,2
8213.0,2
8214.0,1
8215.0,4
8216.0,1
8217.0,0
8218.0,6
8219.0,1
8220.0,5
8221.0,6
8222.0,2
8223.0,0
8224.0,0
8225.0,0
8226.0,2
8227.0,1
8228.0,0
8229.0,5
8230.0,10
8231.0,2
8232.0,3
8233.0,3
8234.0,1
8235.0,1
8236.0,5
8237.0,1
8238.0,6
8239.0,2
8240.0,0
8241.0,0
8242.0,5
8243.0,1
8244.0,1
8245.0,1
8246.0,2
8247.0,0
8248.0,6
8249.0,3
8251.0,10
8252.0,2
8253.0,5
8254.0,5
8255.0,0
8256.0,0
8257.0,6
8258.0,4
8259.0,7
8260.0,5
8261.0,6
8262.0,3
8263.0,0
8264.0,3
8265.0,4
8266.0,2
8267.0,2
8268.0,0
8269.0,1
8270.0,7
8271.0,0
8272.0,2
8273.0,1
8274.0,4
8275.0,2
8276.0,0
8277.0,0
8278.0,1
8279.0,0
8280.0,7
8281.0,9
8282.0,4
8283.0,1
8284.0,3
8285.0,4
8286.0,1
8287.0,0
8288.0,0
8289.0,8
8290.0,6
8291.0,0
8292.0,9
8293.0,7
8294.0,0
8295.0,9
8296.0,3
8297.0,1
8298.0,1
8299.0,1
8300.0,1
8301.0,2
8302.0,1
8303.0,7
8304.0,1
8305.0,0
8306.0,2
8307.0,4
8308.0,4
8309.0,0
8310.0,6
8311.0,2
8312.0,3
8313.0,2
8314.0,1
8315.0,2
8316.0,1
8317.0,0
8318.0,2
8319.0,5
8320.0,7
8321.0,1
8322.0,3
8323.0,0
8324.0,4
8325.0,2
8326.0,1
8327.0,2
8328.0,1
8329.0,6
8330.0,1
8331.0,2
8332.0,1
8333.0,4
8334.0,1
8335.0,2
8336.0,2
8337.0,1
8338.0,5
8339.0,0
8340.0,9
8341.0,7
8342.0,7
8343.0,2
8344.0,1
8345.0,1
8346.0,2
8347.0,0
8348.0,1
8349.0,5
8350.0,1
8351.0,4
8352.0,1
8353.0,5
8355.0,0
8356.0,2
8357.0,4
8358.0,1
8359.0,2
8360.0,0
8361.0,2
8362.0,5
8363.0,2
8364.0,0
8365.0,9
8366.0,7
8367.0,1
8368.0,7
8369.0,6
8370.0,6
8371.0,3
8372.0,1
8373.0,1
8374.0,5
8375.0,1
8376.0,0
8377.0,1
8378.0,1
8379.0,4
8380.0,3
8381.0,0
8382.0,2
8383.0,1
8384.0,1
8385.0,1
8386.0,6
8387.0,9
8388.0,7
8389.0,1
8390.0,2
8391.0,1
8392.0,7
8393.0,0
8394.0,0
8395.0,9
8396.0,7
8397.0,9
8398.0,7
8399.0,1
8400.0,1
8401.0,1
8402.0,1
8403.0,6
8404.0,1
8405.0,1
8406.0,4
8407.0,0
8408.0,0
8409.0,7
8410.0,4
8411.0,4
8412.0,5
8413.0,0
8414.0,1
8415.0,1
8416.0,4
8417.0,5
8418.0,4
8419.0,4
8420.0,0
8421.0,1
8422.0,0
8423.0,2
8424.0,2
8425.0,4
8426.0,1
8427.0,1
8428.0,1
8429.0,7
8430.0,7
8431.0,7
8432.0,0
8433.0,1
8434.0,1
8435.0,1
8436.0,1
8437.0,1
8438.0,0
8439.0,3
8440.0,6
8441.0,3
8442.0,2
8443.0,0
8444.0,7
8445.0,2
8446.0,4
8447.0,0
8448.0,1
8449.0,7
8450.0,7
8451.0,0
8452.0,2
8453.0,1
8454.0,1
8455.0,3
8456.0,7
8457.0,4
8458.0,1
8459.0,6
8460.0,2
8461.0,7
8462.0,2
8463.0,2
8464.0,5
8465.0,1
8466.0,10
8467.0,0
8468.0,7
8469.0,5
8470.0,1
8471.0,1
8472.0,5
8473.0,3
8474.0,0
8475.0,1
8476.0,9
8477.0,0
8478.0,4
8479.0,1
8480.0,5
8481.0,7
8482.0,3
8483.0,0
8484.0,7
8485.0,7
8486.0,3
8487.0,6
8488.0,1
8489.0,4
8490.0,0
8491.0,9
8492.0,0
8493.0,5
8494.0,7
8495.0,1
8496.0,0
8497.0,1
8498.0,2
8499.0,1
8500.0,1
8501.0,1
8502.0,1
8503.0,0
8504.0,7
8505.0,0
8506.0,2
8507.0,6
8508.0,9
8509.0,1
8510.0,1
8511.0,1
8512.0,6
8513.0,3
8514.0,3
8515.0,2
8516.0,7
8517.0,7
8518.0,7
8519.0,3
8520.0,6
8521.0,2
8522.0,1
8523.0,7
8524.0,1
8525.0,4
8526.0,9
8527.0,0
8528.0,4
8529.0,4
8530.0,6
8531.0,5
8532.0,0
8533.0,1
8534.0,9
8535.0,2
8536.0,1
8537.0,4
8538.0,5
8539.0,1
8540.0,7
8541.0,2
8542.0,2
8543.0,1
8544.0,6
8545.0,7
8546.0,7
8547.0,2
8548.0,6
8549.0,0
8550.0,0
8551.0,7
8552.0,7
8553.0,9
8554.0,0
8555.0,1
8556.0,0
8557.0,7
8558.0,1
8559.0,5
8560.0,6
8561.0,7
8562.0,3
8563.0,1
8564.0,9
8565.0,1
8566.0,1
8567.0,0
8568.0,10
8569.0,8
8570.0,2
8571.0,8
8572.0,8
8573.0,6
8574.0,2
8575.0,7
8576.0,8
8577.0,7
8578.0,3
8579.0,1
8580.0,4
8581.0,7
8582.0,8
8583.0,0
8584.0,1
8585.0,4
8586.0,1
8587.0,9
8588.0,4
8589.0,1
8590.0,0
8591.0,3
8592.0,4
8593.0,1
8594.0,8
8595.0,9
8596.0,1
8597.0,6
8598.0,0
8599.0,0
8600.0,1
8601.0,5
8602.0,4
8603.0,2
8604.0,3
8605.0,2
8606.0,7
8607.0,1
8608.0,4
8609.0,1
8610.0,0
8611.0,6
8612.0,0
8613.0,1
8614.0,1
8615.0,10
8616.0,9
8617.0,2
8618.0,0
8619.0,4
8620.0,7
8621.0,0
8622.0,0
8623.0,0
8624.0,1
8625.0,2
8626.0,1
8627.0,0
8628.0,5
8629.0,4
8630.0,0
8631.0,7
8632.0,0
8633.0,2
8634.0,1
8635.0,6
8636.0,0
8637.0,0
8638.0,1
8639.0,5
8640.0,1
8641.0,1
8642.0,3
8643.0,5
8644.0,4
8645.0,0
8646.0,0
8647.0,1
8648.0,1
8649.0,1
8650.0,5
8651.0,1
8652.0,2
8653.0,0
8654.0,0
8655.0,9
8656.0,2
8657.0,4
8658.0,9
8659.0,4
8660.0,1
8662.0,7
8663.0,9
8664.0,1
8665.0,5
8666.0,0
8667.0,1
8668.0,4
8669.0,2
8670.0,6
8671.0,1
8672.0,1
8673.0,1
8674.0,3
8675.0,6
8676.0,0
8677.0,0
8678.0,0
8679.0,3
8680.0,5
8681.0,1
8682.0,1
8683.0,1
8684.0,1
8685.0,0
8686.0,7
8687.0,0
8688.0,10
8689.0,4
8690.0,2
8691.0,1
8692.0,0
8693.0,6
8694.0,2
8695.0,2
8696.0,2
8697.0,2
8698.0,0
8699.0,3
8700.0,1
8701.0,3
8702.0,7
8703.0,6
8704.0,0
8705.0,1
8706.0,7
8707.0,1
8708.0,0
8709.0,5
8710.0,1
8711.0,0
8712.0,2
8713.0,3
8714.0,0
8715.0,2
8716.0,4
8717.0,4
8718.0,0
8719.0,1
8720.0,3
8721.0,2
8722.0,6
8723.0,1
8724.0,2
8725.0,1
8726.0,5
8727.0,0
8728.0,0
8729.0,3
8730.0,7
8731.0,1
8732.0,3
8733.0,1
8734.0,2
8735.0,1
8736.0,2
8737.0,2
8738.0,1
8739.0,10
8740.0,4
8741.0,2
8742.0,2
8743.0,2
8744.0,1
8745.0,4
8746.0,3
8747.0,2
8748.0,0
8749.0,6
8750.0,5
8751.0,0
8752.0,0
8753.0,1
8754.0,2
8755.0,2
8756.0,6
8757.0,5
8758.0,5
8759.0,1
8760.0,10
8761.0,8
8762.0,0
8763.0,1
8764.0,4
8765.0,4
8766.0,1
8767.0,2
8768.0,0
8769.0,1
8770.0,2
8771.0,0
8772.0,1
8773.0,1
8774.0,0
8775.0,1
8776.0,1
8777.0,5
8778.0,1
8779.0,0
8780.0,3
8781.0,3
8782.0,2
8783.0,1
8784.0,10
8785.0,8
8786.0,3
8787.0,9
8788.0,6
8789.0,2
8790.0,10
8791.0,0
8792.0,0
8793.0,2
8794.0,5
8795.0,1
8796.0,1
8797.0,8
8798.0,6
8799.0,1
8800.0,0
8801.0,1
8802.0,2
8803.0,1
8804.0,2
8805.0,4
8806.0,0
8807.0,1
8808.0,4
8809.0,5
8810.0,9
8811.0,0
8812.0,0
8813.0,9
8814.0,0
8815.0,1
8816.0,0
8817.0,9
8818.0,1
8819.0,1
8820.0,0
8821.0,1
8822.0,2
8823.0,0
8824.0,3
8825.0,4
8826.0,7
8827.0,6
8828.0,8
8829.0,3
8830.0,0
8831.0,8
8832.0,4
8833.0,1
8834.0,1
8835.0,0
8836.0,1
8837.0,5
8838.0,0
8839.0,1
8840.0,6
8841.0,0
8842.0,3
8843.0,0
8844.0,6
8845.0,1
8846.0,0
8847.0,0
8848.0,5
8849.0,2
8850.0,0
8851.0,7
8852.0,4
8853.0,7
8854.0,1
8855.0,2
8856.0,4
8857.0,2
8858.0,2
8859.0,0
8860.0,1
8861.0,8
8862.0,1
8863.0,2
8864.0,2
8865.0,9
8866.0,0
8867.0,5
8868.0,9
8869.0,1
8870.0,2
8871.0,5
8872.0,0
8873.0,1
8874.0,0
8875.0,0
8876.0,8
8877.0,3
8878.0,1
8879.0,1
8880.0,0
8881.0,1
8882.0,0
8883.0,4
8884.0,0
8885.0,4
8886.0,2
8887.0,10
8888.0,5
8889.0,1
8890.0,4
8891.0,5
8892.0,0
8893.0,0
8894.0,7
8895.0,5
8896.0,1
8897.0,2
8898.0,2
8899.0,1
8900.0,0
8901.0,7
8902.0,1
8903.0,2
8904.0,4
8905.0,7
8906.0,5
8907.0,0
8908.0,0
8909.0,2
8910.0,0
8911.0,1
8912.0,2
8913.0,3
8914.0,0
8915.0,7
8916.0,6
8917.0,6
8918.0,3
8919.0,1
8920.0,3
8921.0,1
8922.0,6
8923.0,1
8924.0,2
8925.0,3
8926.0,0
8927.0,2
8928.0,1
8929.0,3
8930.0,5
8931.0,3
8932.0,1
8933.0,6
8934.0,2
8935.0,1
8936.0,4
8937.0,2
8938.0,10
8939.0,7
8940.0,2
8941.0,0
8942.0,0
8943.0,1
8944.0,2
8945.0,2
8946.0,2
8947.0,0
8948.0,0
8949.0,0
8950.0,2
8951.0,1
8952.0,0
8953.0,9
8954.0,0
8955.0,10
8956.0,4
8957.0,0
8958.0,1
8959.0,3
8960.0,6
8961.0,0
8962.0,1
8963.0,6
8964.0,4
8965.0,1
8966.0,1
8967.0,0
8968.0,0
8969.0,9
8970.0,2
8971.0,1
8972.0,8
8973.0,0
8974.0,0
8975.0,6
8976.0,1
8977.0,1
8978.0,7
8979.0,1
8980.0,5
8981.0,10
8982.0,2
8983.0,6
8984.0,1
8985.0,2
8986.0,2
8987.0,9
8988.0,0
8989.0,0
8990.0,1
8991.0,2
8992.0,2
8993.0,4
8994.0,0
8995.0,2
8996.0,0
8997.0,5
8998.0,1
8999.0,0
9000.0,5
9001.0,4
9002.0,0
9003.0,7
9004.0,1
9005.0,10
9006.0,0
9007.0,9
9008.0,6
9009.0,10
9010.0,4
9011.0,1
9012.0,6
9013.0,9
9014.0,0
9015.0,5
9016.0,1
9017.0,3
9018.0,3
9019.0,3
9020.0,0
9021.0,1
9022.0,2
9023.0,2
9024.0,0
9025.0,2
9026.0,5
9027.0,2
9028.0,1
9029.0,3
9030.0,6
9031.0,0
9032.0,0
9033.0,1
9034.0,1
9035.0,0
9036.0,9
9037.0,1
9038.0,2
9039.0,2
9040.0,0
9041.0,7
9042.0,6
9043.0,8
9044.0,1
9045.0,3
9046.0,6
9047.0,0
9048.0,3
9049.0,1
9050.0,2
9051.0,1
9052.0,9
9053.0,3
9054.0,2
9055.0,0
9056.0,0
9057.0,0
9058.0,0
9059.0,2
9060.0,0
9061.0,0
9062.0,1
9063.0,1
9064.0,2
9065.0,6
9066.0,4
9067.0,0
9068.0,0
9069.0,6
9070.0,1
9071.0,0
9072.0,2
9073.0,6
9074.0,8
9075.0,1
9076.0,9
9077.0,0
9078.0,3
9079.0,2
9080.0,3
9081.0,0
9082.0,2
9083.0,2
9084.0,0
9085.0,2
9086.0,5
9087.0,0
9088.0,0
9089.0,1
9090.0,5
9091.0,1
9092.0,2
9093.0,3
9094.0,1
9095.0,1
9096.0,1
9097.0,1
9098.0,0
9099.0,5
9100.0,6
9101.0,1
9102.0,2
9103.0,9
9104.0,4
9105.0,0
9106.0,0
9107.0,1
9108.0,1
9109.0,0
9110.0,4
9111.0,2
9112.0,6
9113.0,0
9114.0,1
9115.0,5
9116.0,5
9117.0,1
9118.0,1
9119.0,4
9120.0,1
9121.0,1
9122.0,0
9123.0,3
9124.0,0
9125.0,7
9126.0,4
9127.0,0
9128.0,2
9129.0,2
9130.0,1
9131.0,4
9132.0,4
9133.0,1
9134.0,1
9135.0,0
9136.0,3
9137.0,1
9138.0,1
9139.0,0
9140.0,1
9141.0,0
9142.0,0
9143.0,4
9144.0,5
9145.0,1
9146.0,6
9147.0,2
9148.0,5
9149.0,2
9150.0,2
9151.0,1
9152.0,1
9153.0,0
9154.0,5
9155.0,1
9156.0,2
9157.0,3
9158.0,2
9159.0,1
9160.0,1
9161.0,2
9162.0,1
9163.0,0
9164.0,5
9165.0,1
9166.0,4
9167.0,1
9168.0,7
9169.0,2
9170.0,0
9171.0,2
9172.0,10
9173.0,5
9174.0,4
9175.0,0
9176.0,2
9177.0,8
9178.0,1
9179.0,0
9180.0,3
9181.0,0
9182.0,3
9183.0,2
9184.0,0
9185.0,0
9186.0,0
9187.0,0
9188.0,0
9189.0,0
9190.0,9
9191.0,4
9192.0,2
9193.0,0
9194.0,1
9195.0,0
9196.0,0
9197.0,2
9198.0,0
9199.0,0
9200.0,0
9201.0,0
9202.0,0
9203.0,0
9204.0,1
9205.0,6
9206.0,0
9207.0,1
9208.0,5
9209.0,0
9210.0,0
9211.0,2
9212.0,0
9213.0,1
9214.0,0
9215.0,4
9216.0,9
9217.0,0
9218.0,1
9219.0,1
9220.0,0
9221.0,0
9222.0,1
9223.0,4
9224.0,1
9225.0,0
9226.0,1
9227.0,0
9228.0,1
9229.0,3
9230.0,0
9231.0,1
9232.0,1
9233.0,2
9234.0,1
9235.0,1
9236.0,1
9237.0,2
9238.0,1
9239.0,0
9240.0,2
9241.0,2
9242.0,0
9243.0,0
9244.0,0
9245.0,7
9246.0,5
9247.0,2
9248.0,6
9249.0,0
9250.0,0
9251.0,2
9252.0,4
9253.0,1
9254.0,1
9255.0,0
9256.0,1
9257.0,4
9258.0,0
9259.0,2
9260.0,8
9261.0,1
9262.0,1
9263.0,2
9264.0,0
9266.0,2
9267.0,0
9268.0,1
9269.0,0
9270.0,2
9271.0,1
9272.0,0
9273.0,0
9274.0,0
9275.0,0
9276.0,0
9277.0,0
9278.0,2
9279.0,2
9280.0,2
9281.0,2
9282.0,6
9283.0,3
9284.0,2
9285.0,1
9286.0,2
9287.0,1
9288.0,1
9289.0,6
9290.0,0
9291.0,2
9292.0,1
9293.0,0
9294.0,6
9295.0,0
9296.0,0
9297.0,2
9298.0,0
9299.0,0
9300.0,1
9301.0,5
9302.0,0
9303.0,0
9304.0,1
9305.0,1
9306.0,2
9307.0,3
9308.0,0
9309.0,5
9310.0,6
9311.0,0
9312.0,4
9313.0,5
9314.0,9
9315.0,2
9316.0,1
9317.0,1
9318.0,5
9319.0,1
9320.0,6
9321.0,3
9322.0,0
9323.0,6
9324.0,1
9325.0,3
9326.0,2
9327.0,7
9328.0,9
9329.0,1
9330.0,6
9331.0,0
9332.0,2
9333.0,0
9334.0,2
9335.0,2
9336.0,0
9337.0,0
9338.0,6
9339.0,1
9340.0,9
9341.0,4
9342.0,0
9344.0,4
9345.0,0
9346.0,1
9347.0,3
9348.0,8
9349.0,1
9350.0,4
9351.0,0
9352.0,4
9353.0,10
9354.0,0
9355.0,3
9356.0,0
9357.0,1
9358.0,1
9359.0,0
9360.0,2
9361.0,4
9362.0,0
9363.0,0
9364.0,9
9365.0,4
9366.0,7
9367.0,2
9368.0,0
9369.0,1
9370.0,4
9371.0,0
9372.0,9
9373.0,5
9374.0,7
9375.0,0
9376.0,6
9377.0,0
9378.0,10
9379.0,2
9380.0,0
9381.0,0
9382.0,1
9383.0,5
9384.0,1
9385.0,2
9386.0,0
9387.0,1
9388.0,0
9389.0,2
9390.0,8
9391.0,5
9392.0,5
9393.0,6
9394.0,0
9395.0,2
9396.0,1
9397.0,0
9398.0,0
9399.0,0
9400.0,1
9401.0,0
9402.0,6
9403.0,2
9404.0,0
9405.0,9
9406.0,11
9407.0,1
9408.0,0
9409.0,2
9410.0,2
9411.0,1
9412.0,2
9413.0,2
9414.0,1
9415.0,1
9416.0,0
9417.0,1
9418.0,7
9419.0,2
9420.0,0
9421.0,0
9422.0,3
9423.0,0
9424.0,5
9425.0,1
9426.0,0
9427.0,3
9428.0,9
9429.0,5
9430.0,2
9431.0,7
9432.0,0
9433.0,5
9434.0,5
9435.0,3
9436.0,0
9437.0,1
9438.0,2
9439.0,2
9440.0,1
9441.0,1
9442.0,6
9443.0,2
9444.0,2
9445.0,6
9446.0,3
9447.0,2
9448.0,1
9449.0,7
9450.0,6
9451.0,3
9452.0,6
9453.0,0
9454.0,9
9455.0,0
9456.0,0
9457.0,3
9458.0,4
9459.0,0
9460.0,0
9461.0,1
9462.0,6
9463.0,2
9464.0,5
9465.0,1
9466.0,5
9467.0,0
9468.0,0
9469.0,1
9470.0,0
9471.0,6
9472.0,6
9473.0,3
9474.0,0
9475.0,0
9476.0,1
9477.0,0
9478.0,0
9479.0,6
9480.0,0
9481.0,4
9482.0,5
9483.0,2
9484.0,0
9485.0,1
9486.0,0
9487.0,7
9488.0,1
9489.0,1
9490.0,6
9491.0,1
9492.0,0
9493.0,4
9494.0,2
9495.0,0
9496.0,3
9497.0,0
9498.0,4
9499.0,1
9500.0,11
9501.0,1
9502.0,2
9503.0,2
9504.0,4
9505.0,0
9506.0,2
9507.0,0
9508.0,5
9509.0,2
9510.0,0
9511.0,1
9512.0,1
9513.0,0
9514.0,6
9515.0,0
9516.0,0
9517.0,1
9518.0,2
9519.0,4
9520.0,2
9521.0,1
9522.0,2
9523.0,3
9524.0,0
9525.0,0
9526.0,0
9527.0,3
9528.0,8
9529.0,1
9530.0,0
9531.0,5
9532.0,2
9533.0,1
9534.0,1
9535.0,1
9536.0,1
9537.0,0
9538.0,4
9539.0,0
9540.0,0
9541.0,2
9542.0,6
9543.0,2
9544.0,0
9545.0,2
9546.0,1
9547.0,1
9548.0,5
9549.0,2
9550.0,5
9551.0,0
9552.0,0
9553.0,1
9554.0,5
9555.0,1
9556.0,5
9557.0,4
9558.0,1
9559.0,2
9560.0,2
9561.0,0
9562.0,2
9563.0,1
9564.0,0
9565.0,6
9566.0,1
9567.0,4
9568.0,0
9569.0,0
9570.0,0
9571.0,0
9572.0,2
9573.0,2
9574.0,11
9575.0,3
9577.0,0
9578.0,0
9579.0,1
9580.0,1
9581.0,0
9583.0,1
9584.0,2
9585.0,0
9586.0,0
9587.0,1
9588.0,3
9589.0,0
9590.0,0
9591.0,3
9592.0,0
9593.0,2
9594.0,0
9595.0,2
9596.0,0
9597.0,2
9598.0,3
9599.0,6
9600.0,0
9601.0,1
9602.0,0
9603.0,1
9604.0,1
9605.0,2
9606.0,1
9607.0,1
9608.0,1
9609.0,0
9610.0,1
9611.0,6
9612.0,2
9613.0,0
9614.0,0
9615.0,0
9616.0,2
9617.0,6
9618.0,3
9619.0,0
9620.0,0
9621.0,2
9622.0,6
9623.0,0
9624.0,5
9625.0,1
9626.0,0
9627.0,2
9628.0,0
9629.0,4
9630.0,0
9631.0,5
9632.0,0
9633.0,2
9634.0,2
9635.0,2
9636.0,1
9637.0,1
9638.0,1
9639.0,0
9640.0,2
9641.0,6
9642.0,2
9643.0,5
9644.0,3
9645.0,0
9646.0,2
9647.0,1
9648.0,0
9649.0,3
9650.0,2
9651.0,3
9652.0,2
9653.0,1
9654.0,1
9655.0,0
9656.0,0
9657.0,1
9658.0,6
9659.0,0
9660.0,0
9661.0,2
9662.0,1
9663.0,0
9664.0,7
9665.0,5
9666.0,6
9667.0,2
9668.0,0
9669.0,2
9670.0,6
9671.0,6
9672.0,1
9673.0,0
9674.0,1
9675.0,5
9676.0,2
9677.0,1
9678.0,0
9679.0,1
9680.0,1
9681.0,2
9682.0,5
9683.0,0
9684.0,1
9685.0,0
9686.0,0
9687.0,1
9688.0,8
9689.0,1
9690.0,6
9691.0,0
9692.0,0
9693.0,8
9694.0,1
9695.0,3
9696.0,2
9697.0,0
9698.0,6
9699.0,4
9700.0,4
9701.0,0
9702.0,10
9703.0,4
9704.0,0
9705.0,0
9706.0,1
9707.0,4
9708.0,5
9709.0,0
9710.0,11
9711.0,2
9712.0,0
9713.0,1
9714.0,2
9715.0,1
9716.0,2
9717.0,0
9718.0,2
9719.0,1
9720.0,1
9721.0,1
9722.0,1
9723.0,4
9724.0,4
9725.0,2
9726.0,0
9727.0,5
9728.0,2
9729.0,1
9730.0,3
9731.0,2
9732.0,3
9733.0,1
9734.0,5
9735.0,4
9736.0,0
9737.0,1
9738.0,1
9739.0,2
9740.0,3
9741.0,5
9742.0,2
9743.0,2
9744.0,1
9745.0,0
9746.0,1
9747.0,2
9748.0,4
9749.0,10
9750.0,10
9751.0,1
9752.0,1
9753.0,1
9754.0,0
9755.0,1
9756.0,8
9757.0,9
9758.0,0
9759.0,0
9760.0,1
9761.0,2
9762.0,1
9763.0,5
9764.0,2
9765.0,2
9766.0,1
9767.0,1
9768.0,2
9769.0,4
9770.0,0
9771.0,4
9772.0,1
9773.0,0
9774.0,0
9775.0,3
9776.0,4
9777.0,0
9778.0,0
9779.0,1
9780.0,4
9781.0,1
9782.0,1
9783.0,1
9784.0,0
9785.0,4
9786.0,1
9787.0,3
9788.0,1
9789.0,2
9790.0,0
9791.0,8
9792.0,0
9793.0,0
9794.0,11
9795.0,1
9796.0,5
9797.0,0
9798.0,2
9799.0,0
9800.0,0
9801.0,6
9802.0,1
9803.0,1
9804.0,2
9805.0,1
9806.0,2
9807.0,3
9808.0,0
9809.0,0
9810.0,0
9811.0,6
9812.0,4
9813.0,2
9814.0,4
9815.0,4
9816.0,1
9817.0,1
9818.0,1
9819.0,8
9820.0,1
9821.0,0
9822.0,1
9823.0,2
9824.0,5
9825.0,1
9826.0,1
9827.0,1
9828.0,2
9829.0,1
9830.0,0
9831.0,2
9832.0,11
9833.0,4
9834.0,0
9835.0,0
9836.0,2
9837.0,2
9838.0,0
9839.0,1
9840.0,0
9841.0,0
9842.0,6
9843.0,1
9844.0,6
9845.0,1
9846.0,6
9847.0,1
9848.0,1
9849.0,1
9850.0,2
