,leiden
1,1
2,6
3,1
4,1
5,1
6,1
7,1
8,3
9,1
10,1
11,4
12,1
13,1
14,1
15,3
16,1
17,5
18,1
19,1
20,3
21,1
22,1
23,1
24,4
25,5
26,6
27,4
28,1
29,1
30,1
31,1
32,1
33,6
34,1
35,1
36,1
37,1
38,6
39,1
40,1
41,1
42,3
43,1
44,1
45,4
46,3
47,4
48,4
49,1
50,3
51,3
52,2
53,3
54,5
55,5
56,4
57,1
58,1
59,1
60,3
61,1
62,4
63,1
64,5
65,4
66,4
67,4
68,1
69,1
70,2
71,3
72,5
73,2
74,0
75,1
76,1
77,4
78,3
79,1
80,1
81,4
82,1
83,1
84,2
85,1
86,2
87,1
88,3
89,5
90,2
91,5
92,2
93,4
94,1
95,0
96,6
97,3
98,5
99,1
100,2
101,4
102,3
103,1
104,1
105,2
106,3
107,3
108,4
109,6
110,2
111,5
112,4
113,1
114,2
115,5
116,6
117,0
118,6
119,3
120,2
121,6
122,2
123,1
124,0
125,4
126,2
127,2
128,1
129,5
130,1
131,2
132,1
133,3
134,1
135,0
136,5
137,5
138,4
139,7
140,7
141,2
142,9
143,6
144,2
145,5
146,9
147,1
148,3
149,0
150,2
151,6
152,2
153,4
154,6
155,3
156,6
157,4
158,0
159,5
160,3
161,5
162,1
163,6
164,4
165,3
166,5
167,5
168,6
169,1
170,9
171,5
172,0
173,0
174,9
175,5
176,0
177,4
178,0
179,5
180,5
181,1
182,5
183,4
184,2
185,4
186,5
187,3
188,2
189,5
190,0
191,4
192,5
193,1
194,5
195,0
196,1
197,5
198,0
199,0
200,0
201,2
202,2
203,1
204,0
205,3
206,0
207,5
208,0
209,2
210,6
211,1
212,5
213,5
214,7
215,7
216,3
217,2
218,0
219,3
220,5
221,0
222,0
223,3
224,4
225,2
226,5
227,0
228,3
229,6
230,0
231,4
232,3
233,1
234,4
235,0
236,8
237,0
238,4
239,6
240,6
241,2
242,1
243,4
244,4
245,4
246,6
247,0
248,0
249,2
250,0
251,9
252,5
253,0
254,8
255,0
256,5
257,0
258,1
259,4
260,2
261,0
262,6
263,0
264,0
265,3
266,0
267,4
268,0
269,4
270,3
271,2
272,0
273,0
274,4
275,5
276,3
277,0
278,5
279,5
280,9
281,4
282,0
283,2
284,1
285,0
286,0
287,4
288,4
289,4
290,6
291,0
292,4
293,5
294,5
295,0
296,3
297,0
298,9
299,4
300,4
301,5
302,1
303,5
304,2
305,0
306,4
307,2
308,0
309,4
310,0
311,3
312,3
313,2
314,0
315,3
316,4
317,5
318,5
319,0
320,0
321,4
322,3
323,3
324,0
325,1
326,9
327,6
328,0
329,2
330,7
331,0
332,0
333,0
334,0
335,0
336,5
337,1
338,6
339,3
340,0
341,9
342,1
343,8
344,0
345,0
346,1
347,0
348,1
349,0
350,9
351,4
352,5
353,4
354,4
355,3
356,5
357,0
358,1
359,7
360,3
361,5
362,0
363,3
364,0
365,4
366,9
367,0
368,0
369,4
370,3
371,6
372,3
373,0
374,2
375,9
376,3
377,7
378,5
379,4
380,0
381,0
382,0
383,0
384,8
385,0
386,3
387,3
388,4
389,0
390,3
391,4
392,3
393,0
394,8
395,0
396,1
397,6
398,0
399,4
400,3
401,0
402,1
403,0
404,0
405,0
406,4
407,0
408,3
409,0
410,0
411,0
412,0
413,7
414,0
415,2
416,0
417,3
418,3
419,3
420,3
421,4
422,3
423,6
424,0
425,0
426,7
427,0
428,0
429,6
430,3
431,2
432,8
433,2
434,6
435,2
436,0
437,1
438,0
439,1
440,0
441,0
442,0
443,5
444,3
445,0
446,1
447,0
448,1
449,0
450,0
451,9
452,6
453,6
454,0
455,0
456,1
457,4
458,4
459,0
460,0
461,3
462,0
463,6
464,0
465,1
466,3
467,4
468,3
469,0
470,4
471,0
472,0
473,1
474,2
475,4
476,0
477,0
478,1
479,0
480,4
481,6
482,1
483,0
484,3
485,4
486,0
487,7
488,2
489,0
490,0
491,3
492,0
493,3
494,0
495,0
496,0
497,0
498,0
499,2
500,0
501,3
502,2
503,0
504,6
505,3
506,1
507,6
508,0
509,0
510,0
511,3
512,0
513,0
514,0
515,0
516,1
517,3
518,1
519,4
520,0
521,3
522,0
523,0
524,2
525,4
526,6
527,0
528,2
529,2
530,0
531,0
532,0
533,0
534,4
535,0
536,1
537,0
538,3
539,4
540,2
541,1
542,3
543,6
544,2
545,5
546,0
547,0
548,0
549,2
550,3
551,1
552,0
553,0
554,0
555,3
556,3
557,4
558,1
559,2
560,0
561,0
562,2
563,3
564,0
565,3
566,5
567,1
568,5
569,4
570,0
571,0
572,0
573,0
574,3
575,0
576,0
577,2
578,4
579,0
580,1
581,3
582,0
583,0
584,0
585,5
586,0
587,0
588,1
589,3
590,2
591,0
592,0
593,0
594,1
595,0
596,2
597,0
598,3
599,1
600,5
601,0
602,6
603,0
604,3
605,0
606,4
607,0
608,1
609,6
610,4
611,0
612,4
613,6
614,0
615,0
616,0
617,1
618,3
619,6
620,2
621,3
622,6
623,4
624,4
625,0
626,5
627,0
628,5
629,4
630,0
631,3
632,3
633,1
634,1
635,8
636,3
637,0
638,0
639,5
640,0
641,3
642,3
643,0
644,0
645,0
646,3
647,0
648,0
649,3
650,3
651,0
652,4
653,3
654,1
655,2
656,5
657,0
658,0
659,4
660,0
661,0
662,2
663,2
664,4
665,0
666,4
667,3
668,0
669,1
670,1
671,0
672,3
673,0
674,1
675,5
676,3
677,2
678,0
679,1
680,0
681,4
682,7
683,1
684,3
685,0
686,4
687,3
688,5
689,4
690,2
691,5
692,6
694,0
695,0
696,3
697,5
698,0
699,1
700,3
701,4
702,2
703,5
704,2
705,2
706,5
707,2
708,3
709,6
710,5
711,0
712,5
713,0
714,0
715,1
716,0
717,0
718,3
719,5
720,0
721,2
722,3
723,1
724,7
725,3
726,0
727,0
728,4
729,4
730,0
731,3
732,0
733,1
734,3
735,0
736,0
737,3
738,2
739,4
740,0
741,1
743,0
744,0
745,0
746,0
747,5
748,6
749,5
750,3
751,0
752,5
753,0
754,2
755,1
756,1
757,3
758,1
759,8
760,1
761,4
762,2
763,5
764,8
765,4
766,2
767,0
768,0
769,0
770,1
771,3
772,5
773,0
774,1
775,3
776,2
777,1
778,4
779,4
780,5
781,7
782,8
783,0
784,0
785,2
786,0
787,0
788,2
789,5
790,1
791,0
792,0
793,0
795,4
796,4
797,2
798,0
799,3
800,3
801,6
802,6
803,4
804,5
805,5
806,2
807,4
808,6
809,4
810,3
811,4
812,3
813,1
814,2
815,1
816,0
817,0
818,2
819,5
820,7
821,2
822,3
823,0
824,3
825,6
826,3
827,5
828,5
829,0
830,0
831,6
832,1
833,2
834,1
835,0
836,5
837,2
838,0
839,2
840,2
841,0
842,0
843,6
844,1
845,6
846,1
847,0
848,4
849,4
850,4
851,0
852,5
853,2
854,1
855,5
856,5
857,3
858,5
859,0
860,4
861,0
862,4
863,3
864,0
865,4
866,2
867,2
868,6
869,3
870,5
871,4
872,0
873,0
874,5
875,5
876,5
877,1
878,0
879,8
880,5
881,5
882,4
883,2
884,0
885,2
886,2
887,3
888,1
889,0
890,1
891,1
892,5
893,1
894,0
895,4
896,2
897,3
898,0
899,3
900,3
901,2
902,5
903,4
904,5
905,5
906,5
907,1
908,5
909,0
910,2
911,0
912,0
913,6
914,4
915,3
916,5
917,4
918,0
919,1
920,4
921,3
922,1
923,2
924,0
925,0
926,3
927,2
928,4
929,5
930,0
931,3
932,1
933,1
934,6
935,1
936,5
937,3
938,4
939,1
940,5
941,4
942,0
943,2
944,2
945,3
946,3
947,5
948,4
949,5
950,0
951,3
952,1
953,0
954,5
955,5
956,0
957,0
958,5
959,0
960,0
961,0
962,5
963,0
964,0
965,3
966,3
967,5
968,5
969,5
970,3
971,4
972,0
973,5
974,5
975,5
976,3
977,2
978,2
979,0
980,0
981,0
982,3
983,1
984,0
985,0
986,0
987,0
988,1
989,5
990,3
991,4
992,5
993,1
994,3
995,8
996,5
997,0
998,0
999,0
1000,5
1001,3
1002,0
1003,3
1004,5
1005,2
1006,1
1007,1
1008,2
1009,3
1010,0
1011,4
1012,4
1013,1
1014,5
1015,1
1016,0
1017,1
1018,6
1019,0
1020,3
1021,2
1022,6
1023,6
1024,3
1025,0
1026,7
1027,5
1028,5
1029,3
1030,0
1031,0
1032,0
1033,1
1034,0
1035,3
1036,1
1037,3
1038,3
1039,5
1040,0
1041,5
1042,1
1043,4
1044,0
1045,0
1046,0
1047,9
1048,4
1049,2
1050,8
1051,3
1052,5
1053,3
1054,1
1055,4
1056,3
1057,6
1058,5
1059,3
1060,0
1061,3
1062,1
1063,6
1064,3
1065,1
1066,5
1067,0
1068,0
1069,0
1070,1
1071,0
1072,0
1073,0
1074,0
1075,5
1076,0
1077,0
1078,3
1079,0
1080,2
1081,2
1082,2
1083,8
1084,0
1085,0
1086,3
1087,0
1088,0
1089,2
1090,5
1091,5
1092,0
1093,6
1094,5
1095,0
1096,1
1097,5
1098,0
1099,0
1100,0
1101,3
1102,5
1103,5
1104,2
1105,2
1106,1
1107,0
1108,5
1109,1
1110,0
1111,0
1112,0
1113,1
1114,0
1115,8
1116,3
1117,1
1118,1
1119,1
1120,1
1121,0
1122,3
1123,5
1124,2
1125,0
1126,0
1127,9
1128,1
1129,0
1130,0
1131,4
1132,2
1133,2
1134,2
1135,0
1136,0
1137,2
1138,2
1139,0
1140,5
1141,6
1142,9
1143,1
1144,3
1145,2
1146,1
1147,0
1148,5
1149,1
1150,1
1151,0
1152,1
1153,0
1154,0
1155,0
1156,0
1157,1
1158,1
1159,0
1160,0
1161,3
1162,9
1163,0
1164,2
1165,0
1166,6
1167,1
1168,1
1169,1
1170,3
1171,5
1172,1
1173,7
1174,2
1175,5
1176,1
1177,5
1178,0
1179,4
1180,2
1181,0
1182,1
1183,0
1184,0
1185,0
1186,9
1187,2
1188,2
1189,7
1190,5
1191,0
1192,1
1193,2
1194,0
1195,0
1196,0
1197,1
1198,6
1199,5
1200,1
1201,1
1202,0
1203,2
1204,1
1205,3
1206,5
1207,7
1208,0
1209,1
1210,2
1211,1
1212,0
1213,1
1214,4
1215,6
1216,0
1217,1
1218,0
1219,2
1220,3
1221,2
1222,9
1223,0
1224,0
1225,1
1226,3
1227,3
1228,5
1229,7
1230,3
1231,0
1232,8
1233,2
1234,0
1235,5
1236,0
1237,4
1238,2
1239,0
1240,3
1241,0
1242,0
1243,1
1244,0
1245,6
1246,2
1247,0
1248,6
1249,1
1250,0
1251,0
1252,3
1253,3
1254,3
1255,1
1256,6
1257,0
1258,0
1259,6
1260,3
1261,0
1262,4
1263,3
1264,1
1265,0
1266,4
1267,1
1268,0
1269,1
1270,0
1271,0
1272,0
1273,0
1274,3
1275,0
1276,0
1277,0
1278,1
1279,6
1280,0
1281,0
1282,5
1283,2
1284,0
1285,0
1286,2
1287,2
1288,1
1289,1
1290,1
1291,5
1292,0
1293,1
1294,1
1295,2
1296,1
1297,2
1298,0
1299,2
1300,2
1301,3
1302,1
1303,3
1304,0
1305,0
1306,4
1307,0
1308,1
1309,3
1310,6
1311,0
1312,6
1313,0
1314,2
1315,0
1316,1
1317,0
1318,3
1319,0
1320,3
1321,0
1322,6
1323,3
1324,1
1325,3
1326,3
1327,1
1328,0
1329,1
1330,1
1331,2
1332,0
1333,0
1334,5
1335,2
1336,1
1337,1
1338,6
1339,5
1340,3
1341,0
1342,3
1343,2
1344,0
1346,1
1347,3
1348,1
1349,2
1350,0
1351,6
1352,3
1353,3
1354,2
1355,0
1356,0
1357,1
1358,3
1359,4
1360,4
1361,8
1362,1
1363,2
1364,2
1365,0
1366,2
1367,1
1368,0
1369,0
1370,2
1371,3
1372,0
1373,0
1374,3
1375,4
1376,0
1377,3
1378,0
1379,3
1380,0
1381,0
1382,0
1383,0
1384,2
1385,2
1386,3
1387,1
1388,6
1389,1
1390,1
1391,1
1392,0
1393,1
1394,3
1395,3
1396,1
1397,2
1398,1
1399,2
1400,2
1401,2
1402,3
1403,0
1404,2
1405,4
1406,1
1407,2
1408,0
1409,9
1410,3
1411,3
1412,0
1413,3
1414,0
1415,1
1416,7
1417,1
1418,4
1419,1
1420,0
1421,4
1422,2
1423,3
1424,1
1425,3
1426,0
1427,3
1428,0
1429,3
1430,2
1431,0
1432,2
1433,1
1434,2
1435,6
1436,6
1437,0
1438,0
1439,3
1440,3
1441,0
1442,1
1443,1
1444,2
1445,6
1446,1
1447,0
1448,0
1449,1
1450,3
1451,1
1452,3
1453,2
1454,2
1455,6
1456,2
1457,6
1458,6
1459,3
1460,1
1461,0
1462,6
1463,6
1464,8
1465,7
1466,1
1467,5
1468,3
1469,1
1470,2
1471,1
1472,0
1473,0
1474,1
1475,1
1476,2
1477,0
1478,2
1479,0
1480,8
1481,0
1482,3
1483,1
1484,0
1485,0
1486,1
1487,3
1488,0
1489,0
1490,1
1491,3
1492,6
1493,0
1494,0
1495,3
1496,4
1497,4
1498,6
1499,0
1500,4
1501,5
1502,3
1503,6
1504,1
1505,3
1506,4
1507,3
1508,2
1509,0
1510,2
1511,4
1512,4
1513,6
1514,7
1515,1
1516,3
1517,1
1518,3
1519,8
1520,2
1521,4
1522,3
1523,0
1524,0
1525,0
1526,1
1527,0
1528,1
1529,1
1530,0
1531,3
1532,1
1533,0
1534,0
1535,4
1536,0
1537,4
1538,1
1539,2
1540,6
1541,3
1542,1
1543,2
1544,4
1545,1
1546,2
1547,7
1548,0
1549,3
1550,6
1551,2
1552,0
1553,2
1554,3
1555,6
1556,3
1557,0
1558,0
1559,0
1560,0
1561,1
1562,0
1563,3
1564,6
1565,2
1566,3
1567,2
1568,0
1569,0
1570,0
1571,7
1572,6
1573,0
1574,1
1575,2
1576,3
1577,0
1578,3
1579,0
1580,1
1581,2
1582,2
1583,3
1584,1
1585,6
1586,0
1587,0
1588,1
1589,6
1590,0
1591,2
1592,0
1593,1
1594,0
1595,4
1596,4
1597,0
1598,4
1599,0
1600,3
1601,2
1602,1
1603,0
1604,0
1605,8
1606,2
1607,1
1608,1
1609,0
1610,8
1611,6
1612,3
1613,0
1614,0
1615,2
1616,3
1617,2
1618,1
1619,4
1620,2
1621,2
1622,3
1623,4
1624,2
1625,2
1626,0
1627,1
1628,0
1629,1
1630,2
1631,0
1632,1
1633,3
1634,0
1635,4
1636,0
1637,0
1638,7
1639,0
1640,4
1641,1
1642,2
1643,4
1644,3
1645,0
1646,2
1647,2
1648,0
1649,0
1650,1
1651,2
1652,7
1653,0
1654,2
1655,0
1656,0
1657,1
1658,6
1659,3
1660,0
1661,3
1662,4
1663,2
1664,3
1665,1
1666,1
1667,1
1668,2
1669,2
1670,4
1671,0
1672,2
1673,4
1674,1
1675,2
1676,4
1677,2
1678,0
1679,5
1680,3
1681,2
1682,2
1683,3
1684,1
1685,0
1686,6
1687,1
1688,6
1689,1
1690,4
1691,2
1692,0
1693,7
1694,1
1695,1
1696,2
1697,3
1698,4
1699,6
1700,0
1701,0
1702,0
1703,2
1704,2
1705,0
1706,3
1707,0
1708,6
1709,0
1710,3
1711,0
1712,1
1713,0
1714,0
1715,0
1716,2
1717,2
1718,2
1719,4
1720,3
1721,3
1722,4
1723,3
1724,0
1725,4
1726,3
1727,3
1728,0
1729,0
1730,3
1731,4
1732,2
1733,6
1734,1
1735,6
1736,8
1737,0
1738,0
1739,1
1740,3
1741,8
1742,6
1743,6
1744,4
1745,1
1746,3
1747,0
1748,6
1749,0
1750,4
1751,3
1752,0
1753,1
1754,3
1755,2
1756,6
1757,2
1758,5
1759,0
1760,4
1761,0
1762,0
1763,0
1764,2
1765,3
1766,2
1767,0
1768,3
1769,3
1770,0
1771,4
1772,4
1773,3
1774,0
1775,4
1776,0
1777,3
1778,3
1779,2
1780,3
1781,1
1782,4
1783,2
1784,0
1785,3
1786,1
1787,2
1788,0
1789,6
1790,3
1791,3
1792,1
1793,1
1794,2
1795,3
1796,4
1797,3
1798,2
1799,0
1800,0
1801,1
1802,3
1803,6
1804,3
1805,0
1806,0
1807,6
1808,3
1809,0
1810,0
1811,2
1812,0
1813,0
1814,0
1815,4
1816,4
1817,4
1818,4
1819,3
1820,1
1821,3
1822,8
1823,0
1824,0
1825,2
1826,1
1827,2
1828,0
1829,4
1830,3
1831,4
1832,4
1833,3
1834,2
1835,4
1836,2
1837,4
1838,6
1839,3
1840,2
1841,0
1842,2
1843,1
1844,2
1845,6
1846,4
1847,1
1848,1
1849,0
1850,4
1851,6
1852,2
1853,1
1854,0
1855,0
1856,4
1857,4
1858,2
1859,4
1860,2
1861,6
1862,0
1863,3
1864,2
1865,2
1866,3
1867,4
1868,1
1869,4
1870,1
1871,2
1872,3
1873,3
1874,2
1875,2
1876,2
1877,6
1878,4
1879,2
1880,4
1881,2
1882,1
1883,4
1884,3
1885,1
1886,2
1887,0
1888,2
1889,4
1890,0
1891,1
1892,6
1893,2
1894,2
1895,3
1896,0
1897,2
1898,0
1899,2
1900,1
1901,0
1902,4
1903,4
1904,0
1905,3
1906,4
1907,2
1908,1
1909,0
1910,6
1911,4
1912,4
1913,6
1914,0
1915,0
1916,3
1917,1
1918,7
1919,3
1920,6
1921,2
1922,4
1923,2
1924,2
1925,3
1926,4
1927,3
1928,1
1929,0
1930,0
1931,3
1932,2
1933,0
1934,4
1935,3
1936,0
1937,4
1938,3
1939,2
1940,1
1941,2
1942,3
1943,0
1944,2
1945,0
1946,1
1947,3
1948,2
1949,0
1950,4
1951,6
1952,1
1953,0
1954,0
1955,4
1956,4
1957,0
1958,0
1959,4
1960,2
1961,0
1962,4
1963,3
1964,0
1965,1
1966,1
1967,3
1968,0
1969,4
1970,0
1971,1
1972,0
1973,3
1974,2
1975,3
1976,2
1977,6
1978,0
1979,1
1980,2
1981,6
1982,0
1983,0
1984,8
1985,3
1986,3
1987,0
1988,4
1989,7
1990,3
1991,1
1992,0
1993,1
1994,1
1995,0
1996,2
1997,3
1998,0
1999,0
2000,2
2001,1
2002,4
2003,2
2004,2
2005,6
2006,0
2007,1
2008,2
2009,1
2010,3
2011,0
2012,4
2013,0
2014,4
2015,3
2016,6
2017,1
2018,0
2019,2
2020,3
2021,2
2022,3
2023,1
2024,4
2025,7
2026,1
2027,0
2028,0
2029,0
2030,2
2031,0
2032,3
2033,7
2034,1
2035,2
2036,2
2037,4
2038,3
2039,0
2040,1
2041,2
2042,0
2043,1
2044,1
2045,1
2046,1
2047,0
2048,3
2049,4
2050,3
2051,2
2052,0
2053,9
2054,2
2055,0
2056,2
2057,6
2058,6
2059,4
2060,0
2061,3
2062,1
2063,4
2064,0
2065,6
2066,2
2067,2
2068,6
2069,0
2070,0
2071,6
2072,3
2073,1
2074,3
2075,1
2076,6
2077,1
2078,8
2079,0
2080,0
2081,0
2082,3
2083,3
2084,4
2085,4
2086,1
2087,9
2088,1
2089,2
2090,2
2091,6
2092,2
2093,0
2094,4
2095,2
2096,1
2097,4
2098,4
2099,2
2100,4
2101,0
2102,1
2103,0
2104,0
2105,2
2106,6
2107,0
2108,0
2109,0
2110,4
2111,7
2112,9
2113,2
2114,6
2115,0
2116,0
2117,1
2118,3
2119,3
2120,1
2121,2
2122,3
2123,3
2124,0
2125,3
2126,0
2127,2
2128,4
2129,0
2130,3
2131,6
2132,6
2133,8
2134,0
2135,4
2136,4
2137,2
2138,0
2139,1
2140,0
2141,9
2142,1
2143,1
2144,1
2145,0
2146,4
2147,0
2148,2
2149,2
2150,0
2151,0
2152,2
2153,3
2154,2
2155,0
2156,4
2157,2
2158,1
2159,3
2160,1
2161,4
2162,4
2163,0
2164,6
2165,1
2166,3
2167,4
2168,0
2169,3
2170,0
2171,1
2172,1
2173,6
2174,2
2175,3
2176,2
2177,2
2178,0
2179,4
2180,2
2181,0
2182,4
2183,1
2184,1
2185,3
2186,3
2187,2
2188,3
2189,3
2190,2
2191,3
2192,0
2193,0
2194,3
2195,2
2196,3
2197,1
2198,1
2199,0
2200,0
2201,1
2202,1
2203,0
2204,2
2205,0
2206,1
2207,4
2208,1
2209,7
2210,4
2211,1
2212,1
2213,9
2214,0
2215,0
2216,1
2217,0
2218,2
2219,2
2220,0
2221,3
2222,4
2223,0
2224,4
2225,6
2226,1
2227,2
2228,4
2229,4
2230,0
2231,1
2232,4
2233,1
2234,4
2235,0
2236,0
2237,0
2238,3
2239,1
2240,2
2241,1
2242,2
2243,4
2244,1
2245,4
2246,0
2247,6
2248,9
2249,4
2250,3
2251,0
2252,3
2253,1
2254,1
2255,0
2256,3
2257,4
2258,7
2259,4
2260,3
2261,1
2262,0
2263,4
2264,1
2265,1
2266,1
2267,3
2268,0
2269,2
2270,2
2271,1
2272,4
2273,0
2274,3
2275,0
2276,4
2277,1
2278,3
2279,0
2280,2
2281,6
2282,1
2283,2
2284,6
2285,0
2286,3
2287,0
2288,3
2289,0
2290,3
2291,3
2292,3
2293,0
2294,8
2295,8
2296,3
2297,6
2298,0
2299,1
2300,4
2301,0
2302,8
2303,3
2304,6
2305,0
2306,6
2307,2
2308,6
2309,6
2310,1
2311,6
2312,1
2313,6
2314,0
2315,4
2316,6
2317,1
2318,1
2319,2
2320,0
2321,0
2322,8
2323,3
2324,0
2325,0
2326,0
2327,2
2328,1
2329,2
2330,6
2331,0
2332,6
2333,0
2334,2
2335,0
2336,2
2337,3
2338,7
2339,9
2340,3
2341,3
2342,2
2343,2
2344,2
2345,4
2346,1
2347,4
2348,2
2349,1
2350,1
2351,3
2352,4
2353,1
2354,0
2355,1
2356,1
2357,0
2358,0
2359,6
2360,7
2361,1
2362,2
2363,2
2364,5
2365,1
2366,1
2367,4
2368,3
2369,2
2370,1
2371,3
2372,2
2373,3
2374,0
2375,6
2376,2
2377,2
2378,2
2379,6
2380,1
2381,3
2382,3
2383,5
2384,0
2385,0
2386,0
2387,1
2388,0
2389,1
2390,6
2391,0
2392,5
2393,3
2394,2
2395,0
2396,0
2397,2
2398,6
2399,1
2400,1
2401,0
2402,1
2403,2
2404,2
2405,3
2406,2
2407,3
2408,1
2409,1
2410,2
2411,6
2412,0
2413,4
2414,6
2415,1
2416,1
2417,4
2418,0
2419,2
2420,8
2421,1
2422,9
2423,5
2424,0
2425,2
2426,1
2427,5
2428,5
2429,6
2430,2
2431,1
2432,1
2433,1
2434,0
2435,6
2436,9
2437,4
2438,1
2439,1
2440,3
2441,1
2442,2
2443,5
2444,4
2445,2
2446,3
2447,3
2448,5
2449,0
2450,2
2451,6
2452,3
2453,3
2454,6
2455,1
2456,3
2457,3
2458,2
2459,9
2460,6
2461,6
2462,1
2463,0
2464,1
2465,2
2466,1
2467,3
2468,5
2469,2
2470,1
2471,0
2472,2
2473,2
2474,1
2475,6
2476,1
2477,2
2478,0
2479,2
2480,5
2481,0
2482,3
2483,6
2484,0
2485,4
2486,0
2487,1
2488,2
2489,0
2490,5
2491,5
2492,4
2493,1
2494,3
2495,5
2496,4
2497,0
2498,2
2499,4
2500,5
2501,0
2502,2
2503,2
2504,2
2505,9
2506,4
2507,1
2508,3
2509,1
2510,1
2511,3
2512,0
2513,6
2514,2
2515,2
2516,4
2517,1
2518,1
2519,0
2520,1
2521,3
2522,0
2523,4
2524,2
2525,4
2526,1
2527,2
2528,1
2529,2
2530,0
2531,1
2532,1
2533,6
2534,3
2535,1
2536,0
2537,2
2538,1
2539,4
2540,1
2541,0
2542,3
2543,3
2544,1
2545,1
2546,1
2547,0
2548,1
2549,8
2550,0
2551,1
2552,1
2553,9
2554,4
2555,1
2556,0
2557,1
2558,0
2559,4
2560,6
2561,5
2562,1
2563,2
2564,0
2565,5
2566,0
2567,0
2568,0
2569,1
2570,3
2571,1
2572,4
2573,0
2574,3
2575,3
2576,0
2577,3
2578,1
2579,1
2580,1
2581,0
2582,5
2583,0
2584,3
2585,3
2586,0
2587,4
2588,3
2589,4
2590,0
2591,4
2592,1
2593,0
2594,6
2595,3
2596,1
2597,4
2598,2
2599,2
2600,1
2601,6
2602,8
2603,2
2604,3
2605,6
2606,0
2607,2
2608,8
2609,0
2610,2
2611,1
2612,1
2613,6
2614,5
2615,0
2616,1
2617,1
2618,3
2619,0
2620,4
2621,3
2622,1
2623,0
2624,0
2625,1
2626,4
2627,1
2628,6
2629,3
2630,1
2631,0
2632,5
2633,1
2634,2
2635,5
2636,3
2637,4
2638,0
2639,4
2640,3
2641,0
2642,1
2643,1
2644,2
2645,0
2646,5
2647,4
2648,9
2649,2
2650,2
2651,5
2652,4
2653,4
2654,1
2655,3
2656,3
2657,3
2658,0
2659,1
2660,6
2661,3
2662,9
2663,8
2664,2
2665,0
2666,1
2667,1
2668,0
2669,1
2670,2
2671,0
2672,3
2673,0
2674,1
2675,2
2676,1
2677,1
2678,3
2679,6
2680,4
2681,1
2682,6
2683,2
2684,6
2685,1
2686,0
2687,5
2688,2
2689,2
2690,6
2691,2
2692,4
2693,3
2694,8
2695,3
2696,5
2697,3
2698,1
2699,3
2700,2
2701,4
2702,4
2703,1
2704,1
2705,4
2706,5
2707,6
2708,2
2709,3
2710,1
2711,0
2712,3
2713,4
2714,4
2715,6
2716,1
2717,5
2718,1
2719,3
2720,5
2721,6
2722,3
2723,1
2724,2
2725,3
2726,3
2727,0
2728,4
2729,0
2730,3
2731,6
2732,1
2733,6
2734,2
2735,3
2736,2
2737,4
2738,2
2739,1
2740,1
2741,6
2742,2
2743,2
2744,1
2745,0
2746,4
2747,2
2748,1
2749,0
2750,2
2751,1
2752,1
2753,2
2754,1
2755,2
2756,2
2757,2
2758,2
2759,4
2760,1
2761,0
2762,3
2763,1
2764,9
2765,1
2766,7
2767,3
2768,4
2769,7
2770,2
2771,4
2772,3
2773,1
2774,2
2775,3
2776,3
2777,1
2778,4
2779,9
2780,5
2781,0
2782,2
2783,2
2784,2
2785,2
2786,3
2787,1
2788,4
2789,5
2790,0
2791,2
2792,1
2793,1
2794,6
2795,5
2796,4
2797,2
2798,5
2799,0
2800,6
2801,1
2802,2
2803,2
2804,1
2805,0
2806,3
2807,1
2808,2
2809,3
2810,7
2811,1
2812,1
2813,2
2814,1
2815,1
2816,4
2817,3
2818,3
2819,6
2820,1
2821,0
2822,4
2823,4
2824,1
2825,2
2826,4
2827,1
2828,1
2829,3
2830,0
2831,1
2832,0
2833,1
2834,3
2835,1
2836,4
2837,4
2838,1
2839,0
2840,2
2841,9
2842,0
2843,0
2844,4
2845,4
2846,2
2847,3
2848,2
2849,1
2850,4
2851,3
2852,2
2853,4
2854,1
2855,1
2856,0
2857,6
2858,2
2859,4
2860,2
2861,1
2862,3
2863,1
2864,1
2865,6
2866,5
2867,1
2868,6
2869,0
2870,6
2871,1
2872,6
2873,1
2874,2
2875,9
2876,9
2877,4
2878,3
2879,6
2880,3
2881,1
2882,6
2883,0
2884,0
2885,3
2886,3
2887,5
2888,0
2889,4
2890,5
2891,3
2892,3
2893,4
2894,1
2895,3
2896,1
2897,1
2898,2
2899,0
2900,0
2901,1
2902,3
2903,0
2904,0
2905,2
2906,7
2907,2
2908,3
2909,1
2910,4
2911,2
2912,3
2913,0
2914,1
2915,2
2916,3
2917,4
2918,3
2919,4
2920,0
2921,2
2922,2
2923,1
2924,0
2925,1
2926,4
2927,3
2928,1
2929,0
2930,4
2931,8
2932,4
2933,1
2934,0
2935,4
2936,4
2937,2
2938,1
2939,6
2940,1
2941,4
2942,3
2943,1
2944,7
2945,1
2946,4
2947,1
2948,2
2949,0
2950,2
2951,3
2952,4
2953,4
2954,1
2955,4
2956,1
2957,1
2958,1
2959,2
2960,6
2961,3
2962,4
2963,1
2964,3
2965,1
2966,0
2967,5
2968,0
2969,3
2970,3
2971,4
2972,3
2973,3
2974,6
2975,1
2976,1
2977,1
2978,4
2979,0
2980,5
2981,4
2982,2
2983,0
2984,1
2985,2
2986,0
2987,4
2988,3
2989,6
2990,3
2991,1
2992,2
2993,2
2994,4
2995,0
2996,4
2997,1
2998,4
2999,2
3000,9
3001,4
3002,4
3003,7
3004,4
3005,0
3006,0
3007,0
3008,1
3009,6
3010,0
3011,3
3012,1
3013,1
3014,1
3015,3
3016,3
3017,1
3018,2
3019,2
3020,6
3021,9
3022,2
3023,1
3024,1
3025,0
3026,4
3027,1
3028,0
3029,0
3030,1
3031,6
3032,1
3033,4
3034,6
3035,1
3036,1
3037,3
3038,5
3039,0
3040,4
3041,1
3042,2
3043,2
3044,1
3045,0
3046,6
3047,1
3048,6
3049,4
3050,2
3051,2
3052,0
3053,4
3054,4
3055,1
3056,7
3057,1
3058,3
3059,4
3060,5
3061,2
3062,3
3063,0
3064,4
3065,3
3066,3
3067,1
3068,7
3069,1
3070,0
3071,1
3072,1
3073,2
3074,3
3075,4
3076,4
3077,1
3078,0
3079,6
3080,0
3081,3
3082,3
3083,3
3084,2
3085,2
3086,3
3087,4
3088,1
3089,3
3090,3
3091,3
3092,4
3093,2
3094,7
3095,5
3096,4
3097,4
3098,4
3099,0
3100,2
3101,1
3102,1
3103,1
3104,2
3105,3
3106,9
3107,5
3108,2
3109,9
3110,4
3111,6
3112,5
3113,0
3114,2
3115,7
3116,4
3117,3
3118,1
3119,2
3120,0
3121,1
3122,2
3123,1
3124,4
3125,3
3126,3
3127,4
3128,3
3129,1
3130,3
3131,2
3132,0
3133,4
3134,3
3135,0
3136,8
3137,1
3138,2
3139,0
3140,1
3141,1
3142,4
3143,2
3144,5
3145,3
3146,3
3147,6
3148,1
3149,0
3150,2
3151,2
3152,4
3153,3
3154,0
3155,1
3156,2
3157,0
3158,3
3159,4
3160,0
3161,1
3162,3
3163,4
3164,3
3165,2
3166,1
3167,1
3168,5
3169,0
3170,3
3171,2
3172,4
3173,0
3174,4
3175,1
3176,1
3177,4
3178,0
3179,5
3180,2
3181,2
3182,9
3183,6
3184,4
3185,0
3186,1
3187,2
3188,5
3189,2
3190,2
3191,3
3192,5
3193,1
3194,4
3195,4
3196,6
3197,4
3198,5
3199,1
3200,2
3201,3
3202,4
3203,0
3204,0
3205,4
3206,3
3207,4
3208,4
3209,6
3210,0
3211,0
3212,6
3213,2
3214,1
3215,7
3216,3
3217,0
3218,3
3219,4
3220,0
3221,0
3222,6
3223,6
3224,0
3225,0
3226,6
3227,1
3228,4
3229,4
3230,4
3231,3
3232,4
3233,2
3234,2
3235,1
3236,1
3237,1
3238,3
3239,5
3240,3
3241,0
3242,0
3243,4
3244,0
3245,0
3246,6
3247,2
3248,0
3249,3
3250,1
3251,2
3252,0
3253,3
3254,0
3255,3
3256,4
3257,6
3258,4
3259,0
3260,5
3261,1
3262,4
3263,4
3264,2
3265,3
3266,2
3267,0
3268,8
3269,7
3270,4
3271,1
3272,1
3273,0
3274,4
3275,4
3276,4
3277,4
3278,4
3279,2
3280,2
3281,2
3282,0
3283,1
3284,0
3285,4
3286,0
3287,6
3288,6
3289,0
3290,3
3291,2
3292,1
3293,0
3294,1
3295,4
3296,5
3297,0
3298,0
3299,3
3300,1
3301,1
3302,9
3303,1
3304,0
3305,1
3306,0
3307,6
3308,4
3309,4
3310,3
3311,4
3312,1
3313,4
3314,0
3315,2
3316,4
3317,4
3318,1
3319,2
3320,4
3321,7
3322,2
3323,3
3324,0
3325,6
3326,0
3327,4
3328,5
3329,2
3330,1
3331,0
3332,0
3333,6
3334,1
3335,5
3336,0
3337,0
3338,3
3339,0
3340,3
3341,3
3342,3
3343,5
3344,7
3345,2
3346,9
3347,0
3348,6
3349,1
3350,1
3351,6
3352,1
3353,4
3354,2
3355,0
3356,3
3357,3
3358,4
3359,1
3360,3
3361,3
3362,3
3363,0
3364,1
3365,6
3366,1
3367,5
3368,2
3369,3
3370,0
3371,1
3372,4
3373,3
3374,2
3375,4
3376,1
3377,0
3378,4
3379,2
3380,0
3381,4
3382,3
3383,2
3384,3
3385,0
3386,5
3387,5
3388,6
3389,4
3390,2
3391,1
3392,5
3393,2
3394,3
3395,4
3396,1
3397,1
3398,1
3399,6
3400,6
3401,4
3402,3
3403,5
3404,0
3405,2
3406,6
3407,4
3408,1
3409,3
3410,4
3411,0
3412,1
3413,0
3414,0
3415,6
3416,6
3417,0
3418,9
3419,0
3420,4
3421,1
3422,1
3423,1
3424,6
3425,0
3426,0
3427,3
3428,0
3429,4
3430,0
3431,3
3432,0
3433,2
3434,4
3435,1
3436,2
3437,0
3438,0
3439,3
3440,2
3441,1
3442,3
3443,0
3444,0
3445,3
3446,2
3447,3
3448,0
3449,7
3450,0
3451,1
3452,2
3453,4
3454,4
3455,2
3456,3
3457,0
3458,1
3459,0
3460,2
3461,1
3462,4
3463,4
3464,0
3465,1
3466,3
3467,2
3468,2
3469,6
3470,1
3471,4
3472,3
3473,1
3474,0
3475,0
3476,1
3477,0
3478,3
3479,4
3480,0
3481,4
3482,3
3483,3
3484,1
3485,5
3486,3
3487,3
3488,1
3489,1
3490,0
3491,4
3492,1
3493,4
3494,3
3495,0
3496,5
3497,1
3498,1
3499,0
3500,6
3501,4
3502,0
3503,4
3504,3
3505,3
3506,1
3507,5
3508,1
3509,1
3510,5
3511,1
3512,4
3513,0
3514,2
3515,3
3516,0
3517,4
3518,2
3519,0
3520,0
3521,3
3522,2
3523,0
3524,3
3525,4
3526,2
3527,4
3528,2
3529,4
3530,6
3531,2
3532,8
3533,2
3534,6
3535,0
3536,0
3537,3
3538,3
3539,6
3540,0
3541,5
3542,2
3543,4
3544,2
3545,0
3546,5
3547,0
3548,2
3549,2
3550,6
3551,0
3552,3
3553,6
3554,0
3555,8
3556,5
3557,2
3558,3
3559,3
3560,1
3561,0
3562,1
3563,3
3564,0
3565,4
3566,1
3567,6
3568,5
3569,5
3570,0
3571,0
3572,3
3573,5
3574,0
3575,0
3576,0
3577,0
3578,2
3579,5
3580,4
3581,2
3582,5
3583,2
3584,0
3585,0
3586,4
3587,0
3588,0
3589,3
3590,2
3591,5
3592,0
3593,3
3594,1
3595,5
3596,3
3597,1
3598,1
3599,1
3600,0
3601,5
3602,4
3603,0
3604,0
3605,4
3606,0
3607,2
3608,3
3609,6
3610,0
3611,7
3612,4
3613,0
3614,3
3615,0
3616,3
3617,0
3618,0
3619,0
3620,2
3621,1
3622,2
3623,3
3624,0
3625,0
3626,2
3627,3
3628,0
3629,4
3630,1
3631,2
3632,3
3633,0
3634,8
3635,4
3636,0
3637,0
3638,2
3639,5
3640,2
3641,5
3642,2
3643,2
3644,1
3645,3
3646,2
3647,0
3648,5
3649,5
3650,3
3651,1
3652,2
3653,5
3654,0
3655,2
3656,4
3657,4
3658,0
3659,1
3660,6
3661,6
3662,4
3663,3
3664,0
3665,3
3666,6
3667,1
3668,5
3669,6
3670,0
3671,0
3672,6
3673,6
3674,2
3675,0
3676,5
3677,1
3678,2
3679,2
3680,2
3681,3
3682,1
3683,2
3684,4
3685,3
3686,5
3687,0
3688,1
3689,0
3690,5
3691,6
3692,0
3693,4
3694,0
3695,1
3696,0
3697,0
3698,4
3699,3
3700,1
3701,0
3702,6
3703,5
3704,6
3705,4
3706,2
3707,4
3708,1
3709,2
3710,0
3711,1
3712,1
3713,1
3714,3
3715,0
3716,3
3717,0
3718,6
3719,4
3720,3
3721,6
3722,1
3723,1
3724,8
3725,2
3726,0
3727,5
3728,5
3729,4
3730,3
3731,0
3732,1
3733,0
3734,1
3735,2
3736,7
3737,0
3738,5
3739,4
3740,2
3741,0
3742,3
3743,0
3744,4
3745,4
3746,4
3747,3
3748,4
3749,2
3750,5
3751,5
3752,0
3753,4
3754,4
3755,5
3756,2
3757,1
3758,4
3759,0
3760,2
3761,6
3762,3
3763,6
3764,5
3765,3
3766,4
3767,4
3768,2
3769,3
3770,0
3771,0
3772,0
3773,5
3774,3
3775,1
3776,6
3777,3
3778,0
3779,0
3780,1
3781,1
3782,2
3783,4
3784,2
3785,5
3786,0
3787,0
3788,0
3789,0
3790,2
3791,4
3792,3
3793,2
3794,2
3795,0
3796,1
3797,0
3798,1
3799,0
3800,5
3801,0
3802,3
3803,0
3804,4
3805,6
3806,3
3807,3
3808,1
3809,8
3810,2
3811,5
3812,2
3813,5
3814,0
3815,2
3816,0
3817,2
3818,3
3819,1
3820,6
3821,0
3822,0
3823,3
3824,0
3825,0
3826,3
3827,3
3828,1
3829,0
3830,2
3831,6
3832,4
3833,0
3834,3
3835,0
3836,2
3837,4
3838,0
3839,1
3840,3
3841,1
3842,5
3843,2
3844,0
3845,0
3846,4
3847,5
3848,0
3849,6
3850,0
3851,2
3852,5
3853,0
3854,2
3855,4
3856,3
3857,4
3858,3
3859,3
3860,0
3861,2
3862,4
3863,7
3864,0
3865,2
3866,1
3867,3
3868,5
3869,2
3870,1
3871,3
3872,2
3873,3
3874,5
3875,0
3876,4
3877,0
3878,6
3879,3
3880,8
3881,4
3882,5
3883,1
3884,4
3885,0
3886,0
3887,2
3888,4
3889,0
3890,0
3891,0
3892,2
3893,1
3894,2
3895,4
3896,2
3897,3
3898,0
3899,1
3900,0
3901,5
3902,1
3903,0
3904,0
3905,0
3906,0
3907,0
3908,0
3909,2
3910,0
3911,0
3912,5
3913,1
3914,0
3915,0
3916,2
3917,4
3918,5
3919,2
3920,1
3921,3
3922,4
3923,6
3924,4
3925,2
3926,2
3927,1
3928,2
3929,0
3930,3
3931,2
3932,2
3933,5
3934,5
3935,4
3936,3
3937,0
3938,3
3939,0
3940,0
3941,2
3942,5
3943,5
3944,1
3945,1
3946,1
3947,0
3948,3
3949,2
3950,4
3951,1
3952,2
3953,4
3954,0
3955,4
3956,3
3957,3
3958,3
3959,4
3960,0
3961,0
3962,0
3963,0
3964,3
3965,5
3966,0
3967,4
3968,2
3969,4
3970,5
3971,6
3972,2
3973,0
3974,2
3975,3
3976,4
3977,3
3978,0
3979,0
3980,2
3981,3
3982,0
3983,5
3984,3
3985,4
3986,3
3987,7
3988,5
3989,3
3990,3
3991,0
3992,0
3993,3
3994,4
3995,2
3996,0
3997,0
3998,6
3999,4
4000,4
4001,1
4002,0
4003,4
4004,7
4005,0
4006,1
4007,4
4008,3
4009,2
4010,1
4011,0
4012,3
4013,4
4014,0
4015,3
4016,6
4017,0
4018,1
4019,5
4020,2
4021,5
4022,0
4023,0
4024,4
4025,2
4026,0
4027,0
4028,2
4029,2
4030,5
4031,5
4032,3
4033,2
4034,5
4035,4
4036,5
4037,3
4038,3
4039,8
4040,5
4041,2
4042,8
4043,6
4044,3
4045,5
4046,2
4047,3
4048,4
4049,6
4050,2
4051,3
4052,3
4053,5
4054,1
4055,0
4056,2
4057,4
4058,2
4059,0
4060,1
4061,1
4062,2
4063,0
4064,2
4065,5
4066,3
4067,3
4068,4
4069,0
4070,0
4071,4
4072,4
4073,1
4074,0
4075,5
4076,5
4077,6
4078,0
4079,5
4080,0
4081,3
4082,0
4083,2
4084,0
4085,1
4086,1
4087,6
4088,2
4089,5
4090,5
4091,3
4092,0
4093,0
4094,4
4095,4
4096,2
4097,2
4098,2
4099,4
4100,2
4101,0
4102,0
4103,0
4104,0
4105,4
4106,4
4107,3
4108,0
4109,5
4110,4
4111,0
4112,0
4113,5
4114,0
4115,6
4116,1
4117,4
4118,2
4119,1
4120,4
4121,2
4122,2
4123,0
4124,5
4125,1
4126,4
4127,3
4128,4
4129,6
4130,0
4131,4
4132,0
4133,3
4134,5
4135,3
4136,0
4137,0
4138,2
4139,5
4140,4
4141,8
4142,5
4143,0
4144,0
4145,5
4146,6
4147,3
4148,7
4149,0
4150,3
4151,3
4152,2
4153,2
4154,0
4155,6
4156,0
4157,5
4158,3
4159,5
4160,0
4161,3
4162,4
4163,5
4164,0
4165,5
4166,1
4167,1
4168,0
4169,6
4170,0
4171,8
4172,0
4173,3
4174,2
4175,3
4176,3
4177,0
4178,0
4179,0
4180,2
4181,4
4182,0
4183,2
4184,3
4185,6
4186,2
4187,5
4188,0
4189,0
4190,0
4191,2
4192,5
4193,7
4194,3
4195,8
4196,4
4197,5
4198,0
4199,0
4200,8
4201,0
4202,0
4203,5
4204,2
4205,3
4206,5
4207,4
4208,6
4209,5
4210,5
4211,5
4212,2
4213,0
4214,0
4215,2
4216,2
4217,3
4218,2
4219,4
4220,5
4221,2
4222,0
4223,1
4224,0
4225,5
4226,5
4227,3
4228,0
4229,3
4230,5
4231,0
4232,0
4233,5
4234,5
4235,6
4236,2
4237,5
4238,0
4239,8
4240,2
4241,0
4242,0
4243,1
4244,0
4245,2
4246,5
4247,0
4248,6
4249,1
4250,2
4251,2
4252,5
4253,0
4254,3
4255,5
4256,5
4257,2
4258,0
4259,3
4260,1
4261,0
4262,0
4263,0
4264,0
4265,4
4266,5
4267,0
4268,3
4269,3
4270,8
4271,5
4272,5
4273,5
4274,0
4275,0
4276,0
4277,2
4278,5
4279,7
4280,0
4281,5
4282,5
4283,2
4284,5
4285,5
4286,5
4287,5
4288,1
4289,5
4290,0
4291,0
4292,2
4293,6
4294,4
4295,0
4296,2
4297,2
4298,0
4299,5
4300,3
4301,2
4302,6
4303,0
4304,5
4305,0
4306,5
4307,0
4308,2
4309,0
4310,0
4311,0
4312,2
4313,2
4314,4
4315,5
4316,0
4317,2
4318,4
4319,4
4320,0
4321,2
4322,3
4323,0
4324,1
4325,0
4326,0
4327,5
4328,2
4329,2
4330,5
4331,3
4332,6
4333,3
4334,0
4335,3
4336,0
4337,0
4338,0
4339,0
4340,2
4341,0
4342,3
4343,0
4344,5
4345,2
4346,0
4347,0
4348,0
4349,2
4350,6
4351,2
4352,5
4353,5
4354,3
4355,5
4356,1
4357,2
4358,0
4359,5
4360,5
4361,2
4362,0
4363,3
4364,0
4365,0
4366,2
4367,1
4368,3
4369,4
4370,2
4371,2
4372,2
4373,6
4374,2
4375,5
4376,2
4377,4
4378,6
4379,3
4380,0
4381,4
4382,3
4383,2
4384,7
4385,0
4386,0
4387,0
4388,3
4389,3
4390,3
4391,0
4392,0
4393,0
4394,1
4395,2
4396,0
4397,5
4398,0
4399,0
4400,2
4401,3
4402,0
4403,4
4404,6
4405,0
4406,3
4407,3
4408,2
4409,5
4410,0
4411,2
4412,4
4413,2
4414,4
4415,0
4416,0
4417,6
4418,2
4419,2
4420,3
4421,1
4422,0
4423,0
4424,2
4425,1
4426,2
4427,3
4428,0
4429,7
4430,2
4431,0
4432,5
4433,0
4434,3
4435,2
4436,0
4437,3
4438,0
4439,2
4440,5
4441,0
4442,1
4443,1
4444,2
4445,6
4446,5
4447,0
4448,3
4449,8
4450,0
4451,5
4452,2
4453,3
4454,5
4455,2
4456,2
4457,4
4458,0
4459,0
4460,3
4461,6
4462,2
4463,6
4464,7
4465,0
4466,0
4467,2
4468,2
4469,2
4470,2
4471,0
4472,5
4473,0
4474,5
4475,4
4476,0
4477,3
4478,0
4479,3
4480,3
4481,6
4482,0
4483,4
4484,0
4485,1
4486,0
4487,0
4488,4
4489,0
4490,3
4491,1
4492,3
4493,5
4494,0
4495,0
4496,0
4497,0
4498,2
4499,2
4500,3
4501,6
4502,0
4503,0
4504,0
4505,0
4506,6
4507,0
4508,3
4509,2
4510,0
4511,0
4512,1
4513,0
4514,0
4515,4
4516,0
4517,2
4518,2
4519,2
4520,0
4521,2
4522,0
4523,1
4524,0
4525,0
4526,0
4527,0
4528,2
4529,0
4530,0
4531,0
4532,5
4533,2
4534,0
4535,0
4536,2
4537,0
4538,0
4539,2
4540,5
4541,5
4542,2
4543,2
4544,0
4545,3
4546,5
4547,2
4548,0
4549,7
4550,0
4551,0
4552,0
4553,2
4554,5
4555,2
4556,0
4557,4
4558,2
4559,0
4560,0
4561,2
4562,0
4563,0
4564,5
4565,2
4566,0
4567,0
4568,0
4569,5
4570,3
4571,0
4572,0
4573,5
4574,0
4575,1
4576,0
4577,5
4578,2
4579,0
4580,2
4581,0
4582,4
4583,0
4584,0
4585,0
4586,0
4587,0
4588,3
4589,1
4590,6
4591,6
4592,2
4593,3
4594,2
4595,0
4596,7
4597,2
4598,0
4599,6
4600,2
4601,5
4602,0
4603,0
4604,1
4605,6
4606,5
4607,3
4608,3
4609,5
4610,0
4611,0
4612,1
4613,0
4614,2
4615,0
4616,0
4617,5
4618,0
4619,6
4620,3
4621,3
4622,6
4623,3
4624,5
4625,0
4626,0
4627,3
4628,0
4629,5
4630,1
4631,0
4632,0
4633,3
4634,0
4635,3
4636,0
4637,5
4638,2
4639,0
4640,0
4641,0
4642,0
4643,5
4644,2
4645,0
4646,3
4647,0
4648,3
4649,0
4650,3
4651,0
4652,2
4653,2
4654,0
4655,1
4656,0
4657,5
4658,2
4659,2
4660,2
4661,6
4662,7
4663,2
4664,0
4665,0
4666,2
4667,5
4668,3
4669,0
4670,4
4671,0
4672,5
4673,0
4674,3
4675,0
4676,0
4677,3
4678,1
4679,0
4680,0
4681,0
4682,5
4683,2
4684,0
4685,0
4686,2
4687,4
4688,0
4689,3
4690,6
4691,2
4692,3
4693,3
4694,0
4695,0
4696,2
4697,2
4698,0
4699,4
4700,5
4701,0
4702,1
4703,5
4704,3
4705,0
4706,5
4707,0
4708,5
4709,1
4710,4
4711,6
4712,0
4713,2
4714,0
4715,0
4716,0
4717,0
4718,3
4719,0
4720,0
4721,0
4722,5
4723,3
4724,1
4725,7
4726,3
4727,0
4728,2
4729,2
4730,0
4731,0
4732,0
4733,0
4734,0
4735,0
4736,3
4737,5
4738,1
4739,2
4740,0
4741,0
4742,3
4743,0
4744,3
4745,0
4746,2
4747,3
4748,1
4749,0
4750,6
4751,3
4752,4
4753,0
4754,5
4755,2
4756,0
4757,3
4758,0
4759,3
4760,1
4761,0
4762,2
4763,0
4764,2
4765,4
4766,5
4767,1
4768,6
4769,0
4770,8
4771,0
4772,7
4773,1
4774,0
4775,3
4776,0
4777,0
4778,4
4779,3
4780,0
4781,0
4782,0
4783,3
4784,0
4785,1
4786,0
4787,4
4788,7
4789,3
4790,2
4791,0
4792,1
4793,3
4794,0
4795,1
4796,4
4797,5
4798,5
4799,6
4800,4
4801,1
4802,0
4803,0
4804,0
4805,3
4806,3
4807,0
4808,5
4809,2
4810,5
4811,0
4812,0
4813,0
4814,5
4815,2
4816,6
4817,4
4818,8
4819,5
4820,0
4821,0
4822,0
4823,5
4824,2
4825,2
4826,0
4827,2
4828,0
4829,0
4830,3
4831,0
4832,5
4833,5
4834,2
4835,0
4836,5
4837,2
4838,0
4839,2
4840,0
4841,4
4842,0
4843,0
4844,0
4845,4
4846,5
4847,2
4848,0
4849,1
4850,4
4851,0
4852,2
4853,1
4854,0
4855,0
4856,0
4857,2
4858,0
4859,0
4860,7
4861,3
4862,2
4863,5
4864,0
4865,2
4866,0
4867,0
4868,0
4869,1
4870,6
4871,5
4872,0
4873,0
4874,5
4875,0
4876,0
4877,3
4878,5
4879,0
4880,4
4881,3
4882,1
4883,0
4884,0
4885,0
4886,0
4887,3
4888,0
4889,2
4890,0
4891,3
4892,0
4893,2
4894,2
4895,3
4896,0
4897,8
4898,2
4899,5
4900,0
4901,2
4902,2
4903,0
4904,5
4905,0
4906,5
4907,0
4908,0
4909,0
4910,2
4911,2
4912,0
4913,0
4914,2
4915,2
4916,5
4917,5
4918,2
4919,2
4920,3
4921,5
4922,5
4923,5
4924,4
4925,2
4926,2
4927,2
4928,1
4929,4
4930,2
4931,0
4932,0
4933,0
4934,4
4935,2
4936,0
4937,0
4938,5
4939,0
4940,0
4941,3
4942,2
4943,2
4944,0
4945,5
4946,5
4947,0
4948,4
4949,0
4950,0
4951,5
4952,5
4953,0
4954,2
4955,2
4956,4
4957,2
4958,3
4959,0
4960,0
4961,0
4962,4
4963,6
4964,0
4965,0
4966,2
4967,0
4968,5
4969,2
4970,0
4971,7
4972,2
4973,4
4974,5
4975,0
4976,5
4977,1
4978,7
4979,3
4980,2
4981,0
4982,2
4983,0
4984,5
4985,0
4986,5
4987,6
4988,1
4989,3
4990,0
4991,5
4992,2
4993,3
4994,2
4995,3
4996,0
4997,3
4998,0
4999,0
5000,1
5001,3
5002,2
5003,5
5004,0
5005,2
5006,1
5007,0
5008,0
5009,0
5010,0
5011,5
5012,3
5013,2
5014,5
5015,5
5016,7
5017,6
5018,5
5019,0
5020,4
5021,5
5022,5
5023,0
5024,1
5025,1
5026,0
5027,5
5028,7
5029,2
5030,2
5031,7
5032,5
5033,1
5034,5
5035,3
5036,0
5037,0
5038,0
5039,2
5040,5
5041,2
5042,0
5043,0
5044,5
5045,4
5046,0
5047,0
5048,2
5049,3
5050,3
5051,3
5052,5
5053,0
5054,5
5055,5
5056,2
5057,0
5058,0
5059,0
5060,5
5061,1
5062,4
5063,5
5064,0
5065,2
5066,5
5067,4
5068,3
5069,6
5070,5
5071,2
5072,2
5073,0
5074,0
5075,5
5076,1
5077,2
5078,4
5079,0
5080,3
5081,5
5082,0
5083,8
5084,5
5085,2
5086,2
5087,4
5089,3
5090,0
5091,1
5092,0
5093,0
5094,0
5095,0
5096,6
5097,5
5098,0
5099,2
5100,5
5101,0
5102,4
5103,0
5104,0
5105,5
5106,5
5107,0
5108,2
5109,4
5110,0
5111,0
5112,3
5113,0
5114,8
5115,2
5116,2
5117,5
5118,3
5119,4
5120,2
5121,7
5122,8
5123,0
5124,0
5125,5
5126,0
5127,6
5128,2
5129,5
5130,0
5131,0
5132,0
5133,3
5134,3
5135,0
5136,0
5137,2
5138,3
5139,2
5140,0
5141,0
5142,4
5143,2
5144,0
5145,4
5146,3
5147,2
5148,1
5149,2
5150,3
5151,5
5152,2
5153,2
5154,0
5155,2
5156,4
5157,0
5158,2
5159,6
5160,6
5161,5
5162,0
5163,0
5164,0
5165,3
5166,5
5167,4
5168,0
5169,4
5170,0
5171,3
5172,4
5173,2
5174,4
5175,2
5176,0
5177,1
5178,7
5179,3
5180,2
5181,3
5182,5
5183,0
5184,0
5185,0
5186,0
5187,2
5188,3
5189,2
5190,2
5191,7
5192,3
5193,0
5194,4
5195,5
5196,3
5197,0
5198,5
5199,5
5200,7
5201,3
5202,5
5203,0
5204,0
5205,4
5206,3
5207,6
5208,3
5209,0
5210,0
5211,5
5212,0
5213,4
5214,0
5215,5
5216,5
5217,2
5218,6
5219,6
5220,0
5221,2
5222,8
5223,6
5224,5
5225,5
5226,2
5227,5
5228,5
5229,0
5230,1
5231,0
5232,0
5233,5
5234,0
5235,3
5236,3
5237,3
5238,0
5239,3
5240,6
5241,7
5242,0
5243,2
5244,1
5245,0
5246,6
5247,2
5248,5
5249,3
5250,5
5251,0
5252,3
5253,2
5254,4
5255,5
5256,4
5257,0
5258,5
5259,3
5260,4
5261,2
5262,1
5263,8
5264,0
5265,2
5266,2
5267,4
5268,0
5269,6
5270,6
5271,4
5272,5
5273,5
5274,5
5275,5
5276,0
5277,2
5278,0
5279,4
5280,0
5281,5
5282,0
5283,0
5284,3
5285,0
5286,2
5287,2
5288,4
5289,2
5290,5
5291,2
5292,1
5293,0
5294,2
5295,3
5296,3
5297,4
5298,2
5299,4
5300,0
5301,4
5302,3
5303,0
5304,6
5305,3
5306,6
5307,4
5308,6
5309,1
5310,0
5311,1
5312,0
5313,0
5314,3
5315,1
5316,5
5317,0
5318,2
5319,2
5320,5
5321,0
5322,3
5323,2
5324,0
5325,3
5326,5
5327,6
5328,4
5329,0
5330,6
5331,4
5333,5
5334,2
5335,5
5336,3
5337,4
5338,3
5339,0
5340,3
5341,3
5342,6
5343,0
5344,3
5345,0
5346,5
5347,2
5348,1
5349,0
5350,6
5351,6
5352,0
5353,0
5354,0
5355,0
5356,5
5357,0
5358,0
5359,3
5360,2
5361,4
5362,2
5363,2
5364,1
5365,5
5366,2
5367,1
5368,4
5369,3
5370,4
5371,7
5372,0
5373,0
5374,1
5375,5
5376,1
5377,0
5378,3
5379,2
5380,0
5381,5
5382,2
5383,1
5384,5
5385,0
5386,2
5387,1
5388,4
5389,7
5390,5
5391,3
5392,4
5393,4
5394,0
5395,0
5396,1
5397,0
5398,4
5399,3
5400,1
5401,2
5402,2
5403,1
5404,0
5405,0
5406,5
5407,4
5408,3
5409,6
5410,0
5411,1
5412,0
5413,0
5414,1
5415,0
5416,0
5417,2
5418,3
5419,5
5420,0
5421,3
5422,3
5423,5
5424,4
5425,1
5426,5
5427,6
5428,2
5429,2
5430,5
5431,0
5432,6
5433,7
5434,4
5435,1
5436,0
5437,0
5438,2
5439,0
5440,0
5441,0
5442,3
5443,6
5444,0
5445,8
5446,2
5447,2
5448,7
5449,0
5450,7
5451,0
5452,5
5453,1
5455,5
5456,5
5457,3
5458,0
5459,0
5460,2
5461,2
5462,5
5463,0
5464,1
5465,6
5466,3
5467,2
5468,0
5469,4
5470,1
5471,0
5472,4
5473,5
5474,0
5475,2
5476,2
5477,3
5478,4
5479,0
5480,5
5481,0
5482,0
5483,3
5484,0
5485,6
5486,4
5487,1
5488,5
5489,4
5490,5
5491,0
5492,3
5493,1
5494,0
5495,0
5496,5
5497,8
5498,2
5499,0
5500,0
5501,6
5502,5
5503,0
5504,0
5505,1
5506,5
5507,2
5508,4
5509,4
5510,7
5511,4
5512,6
5513,3
5514,5
5515,1
5516,1
5517,3
5518,5
5519,0
5520,5
5521,0
5522,0
5523,0
5524,1
5525,2
5527,4
5528,2
5529,0
5530,4
5531,4
5532,5
5533,1
5534,3
5535,3
5536,3
5537,2
5538,3
5539,5
5540,1
5541,2
5543,5
5544,0
5545,0
5546,5
5547,2
5548,2
5549,0
5550,3
5551,2
5552,2
5553,0
5554,5
5555,0
5556,5
5557,5
5558,4
5559,2
5560,0
5561,6
5562,5
5563,7
5564,3
5565,0
5566,0
5567,1
5568,5
5570,0
5571,3
5572,2
5573,0
5574,2
5575,2
5576,2
5577,3
5578,0
5579,5
5580,1
5581,2
5582,6
5583,5
5584,0
5585,0
5587,4
5588,7
5589,5
5590,5
5591,3
5592,1
5593,2
5594,0
5595,6
5596,1
5597,0
5598,5
5599,0
5600,0
5602,0
5603,1
5604,0
5605,2
5606,4
5607,4
5608,1
5609,0
5610,1
5611,0
5612,4
5613,6
5614,1
5615,2
5616,5
5617,2
5618,4
5619,5
5620,6
5621,3
5622,7
5623,3
5624,0
5625,0
5626,2
5627,0
5628,4
5629,1
5630,4
5631,2
5632,4
5633,0
5634,2
5635,0
5636,2
5637,2
5638,5
5639,5
5640,3
5641,0
5642,3
5643,6
5644,2
5645,5
5646,0
5647,0
5648,3
5649,3
5650,2
5651,4
5652,1
5653,4
5654,4
5655,3
5656,7
5657,2
5658,2
5659,1
5660,0
5661,0
5662,0
5663,4
5664,6
5665,1
5666,4
5667,4
5668,0
5669,2
5670,3
5671,4
5672,4
5673,3
5674,5
5675,3
5676,5
5677,0
5678,4
5679,4
5680,3
5681,2
5682,4
5683,1
5684,3
5685,3
5686,4
5687,0
5688,1
5689,2
5690,0
5691,1
5692,0
5693,3
5694,0
5695,0
5696,5
5697,0
5698,4
5699,7
5700,0
5701,3
5703,4
5704,4
5705,4
5706,5
5707,2
5708,1
5709,0
5710,1
5711,2
5712,4
5713,3
5714,0
5715,5
5716,5
5717,0
5718,4
5719,2
5720,0
5721,0
5722,1
5723,0
5724,0
5725,4
5726,5
5727,2
5728,0
5729,1
5730,9
5731,0
5732,4
5733,0
5734,5
5735,4
5736,6
5737,8
5738,5
5739,6
5740,6
5741,0
5742,4
5743,3
5744,5
5745,7
5746,9
5747,1
5748,0
5749,3
5750,6
5751,3
5752,5
5753,3
5754,0
5755,7
5756,0
5757,3
5758,4
5759,4
5760,2
5761,1
5762,2
5763,0
5764,5
5765,5
5766,1
5767,3
5768,0
5769,4
5770,2
5771,1
5772,5
5773,5
5774,6
5775,8
5776,7
5777,4
5778,2
5779,1
5780,1
5781,5
5782,0
5783,6
5784,7
5785,0
5786,8
5787,0
5788,0
5789,0
5790,0
5791,4
5792,3
5793,4
5794,5
5795,3
5796,1
5797,9
5798,4
5799,3
5800,2
5801,6
5802,5
5803,4
5804,1
5805,0
5806,4
5807,9
5808,2
5809,9
5810,1
5811,4
5812,2
5813,8
5814,0
5815,0
5816,0
5817,5
5818,2
5819,1
5820,2
5821,5
5822,5
5823,9
5824,2
5825,0
5826,1
5827,3
5828,8
5829,0
5830,0
5831,0
5832,7
5833,1
5834,1
5835,9
5836,1
5837,6
5839,6
5840,4
5841,8
5842,4
5843,4
5844,9
5845,3
5846,0
5847,6
5848,3
5849,2
5850,1
5851,2
5852,2
5853,1
5854,2
5855,2
5856,0
5857,7
5858,4
5859,5
5860,4
5861,2
5862,5
5863,4
5864,7
5865,0
5866,2
5867,0
5868,1
5869,4
5870,3
5871,2
5872,2
5873,0
5874,0
5875,5
5876,5
5877,4
5878,3
5879,3
5880,0
5881,6
5882,0
5883,0
5884,3
5885,3
5886,0
5887,4
5888,1
5889,0
5890,2
5891,0
5892,1
5893,0
5894,3
5895,4
5896,2
5897,6
5898,3
5899,6
5900,8
5901,3
5902,1
5903,1
5904,3
5905,3
5906,4
5907,1
5908,2
5909,0
5910,4
5911,6
5912,0
5913,5
5914,5
5915,4
5916,0
5917,6
5918,1
5919,0
5920,8
5921,9
5922,4
5923,0
5924,5
5925,3
5926,5
5927,2
5928,3
5929,0
5930,7
5931,1
5932,1
5933,3
5934,1
5935,6
5936,1
5937,0
5938,1
5939,7
5940,2
5941,0
5942,3
5943,0
5944,4
5945,3
5946,6
5947,6
5948,8
5949,3
5950,6
5951,9
5952,2
5953,0
5954,2
5955,3
5956,2
5957,3
5958,1
5959,6
5960,0
5961,5
5962,2
5963,2
5964,7
5965,5
5966,1
5967,9
5968,1
5969,3
5970,9
5971,5
5972,1
5973,1
5974,2
5975,2
5976,0
5977,1
5978,0
5979,5
5980,1
5981,9
5982,2
5983,4
5984,3
5985,0
5986,9
5987,9
5988,1
5989,1
5990,0
5991,3
5992,4
5993,1
5994,9
5995,0
5996,3
5997,1
5998,1
5999,2
6000,3
6001,7
6002,4
6003,5
6004,5
6005,0
6006,4
6007,2
6008,6
6009,0
6010,0
6011,9
6012,0
6013,6
6014,0
6015,2
6016,3
6017,0
6018,3
6019,3
6020,6
6021,8
6022,0
6023,0
6024,5
6025,2
6026,7
6027,2
6028,0
6029,5
6030,5
6031,6
6032,0
6033,6
6034,2
6035,1
6036,1
6037,3
6038,1
6039,1
6040,8
6041,6
6042,0
6043,2
6044,3
6045,1
6046,0
6047,0
6048,1
6049,1
6050,9
6051,4
6052,7
6053,5
6054,1
6055,2
6056,6
6057,2
6058,3
6059,1
6060,6
6061,6
6062,9
6063,1
6064,1
6065,2
6066,1
6067,5
6068,0
6069,1
6070,1
6071,9
6072,1
6073,2
6074,1
6075,2
6076,0
6077,0
6078,3
6079,2
6080,2
6081,2
6082,5
6083,3
6084,1
6085,9
6086,1
6087,5
6088,5
6089,1
6090,1
6091,5
6092,4
6093,6
6094,7
6095,0
6096,2
6097,1
6098,2
6099,1
6100,1
6101,2
6102,1
6103,0
6104,0
6105,3
6106,1
6107,2
6108,0
6109,0
6110,5
6111,4
6112,1
6113,4
6114,5
6115,4
6116,1
6117,2
6118,0
6119,5
6120,9
6121,4
6122,2
6123,6
6124,1
6125,3
6126,1
6127,2
6128,9
6129,1
6130,3
6131,6
6132,1
6133,2
6134,5
6135,5
6136,5
6137,7
6138,0
6139,6
6140,4
6141,2
6142,1
6143,6
6144,5
6145,7
6146,1
6147,1
6148,2
6149,3
6150,5
6151,5
6152,7
6153,4
6154,1
6155,2
6156,3
6157,0
6158,0
6159,7
6160,5
6161,5
6162,7
6163,1
6164,3
6165,3
6166,5
6167,6
6168,1
6169,4
6170,9
6171,5
6172,1
6173,4
6174,4
6175,6
6176,3
6177,5
6178,3
6179,1
6180,1
6181,0
6182,0
6183,3
6184,1
6185,3
6186,2
6187,2
6188,2
6189,7
6190,1
6191,1
6192,1
6193,1
6194,1
6195,5
6196,1
6197,1
6198,3
6199,1
6200,3
6201,5
6202,0
6203,5
6204,2
6205,1
6206,2
6207,1
6208,1
6209,2
6210,1
6211,3
6212,5
6213,2
6214,1
6215,4
6216,6
6217,1
6218,1
6219,1
6220,1
6221,5
6222,2
6223,9
6225,0
6226,1
6227,1
6228,1
6229,0
6230,1
6231,4
6232,3
6233,5
6234,1
6235,1
6236,3
6237,0
6238,5
6239,4
6240,4
6241,6
6242,1
6243,0
6244,6
6245,5
6246,3
6247,6
6248,1
6249,1
6250,0
6251,2
6252,0
6253,2
6254,3
6255,2
6256,4
6257,2
6258,1
6259,1
6260,0
6261,1
6262,8
6263,1
6264,1
6265,1
6266,0
6267,1
6268,2
6269,5
6270,5
6271,4
6272,4
6273,4
6274,1
6275,5
6276,0
6277,6
6278,3
6279,2
6280,1
6281,1
6282,1
6283,1
6284,1
6285,1
6286,2
6287,5
6288,6
6289,1
6290,1
6291,5
6292,1
6293,1
6294,3
6295,2
6296,6
6297,0
6298,9
6299,3
6300,1
6301,1
6302,1
6303,1
6304,1
6305,1
6306,1
6307,1
6308,2
6309,1
6310,5
6311,6
6312,1
6313,3
6314,2
6316,2
6317,1
6318,6
6319,6
6320,4
6321,1
6322,8
6323,6
6324,4
6325,1
6326,1
6327,5
6328,4
6329,1
6330,1
6331,6
6332,2
6333,1
6334,1
6335,4
6336,1
6337,1
6338,0
6339,0
6340,5
6341,1
6342,5
6343,3
6344,0
6345,0
6346,2
6347,3
6348,0
6349,7
6350,3
6351,1
6352,2
6353,0
6354,1
6355,8
6356,0
6357,6
6358,6
6359,3
6360,3
6361,1
6362,1
6363,4
6364,2
6365,3
6366,2
6367,1
6368,2
6369,5
6370,1
6371,6
6372,4
6373,3
6374,3
6375,3
6376,5
6377,1
6378,1
6379,1
6380,1
6381,1
6382,0
6383,2
6384,2
6385,5
6386,6
6387,1
6388,3
6389,2
6390,5
6391,5
6392,1
6393,4
6394,0
6395,6
6396,2
6397,0
6398,1
6399,3
6400,4
6401,4
6402,4
6403,1
6404,1
6405,0
6406,1
6407,0
6408,6
6409,1
6410,7
6411,1
6412,4
6413,2
6414,4
6415,7
6416,1
6417,0
6418,6
6419,3
6420,2
6421,4
6422,1
6423,3
6424,5
6425,8
6426,5
6427,7
6428,2
6429,3
6430,5
6431,9
6432,1
6433,1
6434,3
6435,6
6436,2
6437,3
6438,6
6439,3
6440,0
6441,1
6442,2
6443,1
6444,2
6445,5
6446,1
6447,8
6448,5
6449,2
6450,3
6451,1
6452,1
6453,3
6454,7
6455,7
6456,2
6457,6
6458,4
6459,6
6460,4
6461,0
6462,1
6463,5
6464,7
6465,1
6466,5
6467,9
6468,1
6469,3
6470,1
6471,5
6472,6
6473,6
6474,1
6475,1
6476,2
6477,2
6478,1
6479,8
6480,3
6481,1
6482,1
6483,5
6484,5
6485,3
6486,6
6487,1
6488,4
6489,3
6490,5
6491,2
6492,0
6493,1
6494,1
6495,3
6496,0
6497,7
6498,5
6499,1
6500,0
6501,5
6502,4
6503,5
6504,1
6505,5
6506,6
6507,1
6508,4
6509,1
6510,1
6511,1
6512,0
6513,0
6514,6
6515,1
6516,0
6517,0
6518,1
6519,1
6520,1
6521,7
6522,1
6523,1
6524,3
6525,0
6526,5
6527,0
6528,1
6529,1
6530,1
6531,1
6532,5
6533,5
6534,0
6535,3
6536,1
6537,1
6538,6
6539,3
6540,0
6541,5
6542,1
6543,1
6544,3
6545,0
6546,3
6547,1
6548,4
6549,4
6550,1
6551,1
6552,2
6553,2
6554,0
6555,2
6556,1
6557,0
6558,1
6559,4
6560,3
6561,5
6562,7
6563,1
6564,1
6565,4
6566,1
6567,7
6568,2
6569,3
6570,0
6571,1
6572,0
6573,1
6574,2
6575,2
6576,2
6577,0
6578,0
6579,0
6580,1
6581,1
6582,4
6583,0
6584,2
6585,8
6586,5
6587,2
6588,1
6589,3
6590,0
6591,1
6592,9
6593,0
6594,1
6595,5
6596,1
6597,2
6598,1
6599,0
6600,2
6601,0
6602,3
6603,3
6604,1
6605,1
6606,0
6607,6
6608,1
6609,6
6610,9
6611,0
6612,1
6613,3
6614,1
6615,1
6616,0
6617,1
6618,6
6619,2
6620,2
6621,2
6622,3
6623,3
6624,0
6625,1
6626,1
6627,3
6628,4
6629,0
6630,0
6631,1
6632,1
6633,0
6634,1
6635,3
6636,0
6637,9
6638,3
6639,1
6640,6
6641,0
6642,8
6643,0
6644,7
6645,0
6646,7
6647,1
6648,3
6649,1
6650,1
6651,4
6652,4
6653,6
6654,4
6655,0
6656,3
6657,1
6658,0
6659,0
6660,1
6661,0
6662,7
6663,3
6664,0
6665,2
6666,8
6667,5
6668,0
6669,0
6670,9
6671,3
6672,7
6673,1
6674,2
6675,2
6676,0
6677,2
6678,0
6679,8
6680,2
6681,4
6682,0
6683,1
6684,0
6685,2
6686,4
6687,2
6688,1
6689,5
6690,6
6691,1
6692,5
6693,8
6694,0
6695,3
6696,0
6697,5
6698,1
6699,9
6700,2
6701,0
6702,8
6703,8
6704,8
6705,5
6706,1
6707,0
6708,1
6709,0
6710,0
6711,9
6712,1
6713,0
6714,3
6715,5
6716,1
6717,2
6718,6
6719,0
6720,1
6721,3
6722,3
6723,1
6724,7
6725,0
6726,1
6727,2
6728,0
6729,0
6730,9
6731,4
6732,3
6733,4
6734,4
6735,8
6736,0
6737,5
6738,2
6739,2
6740,5
6741,0
6742,5
6743,1
6744,3
6745,4
6746,4
6747,3
6748,0
6749,1
6750,0
6751,0
6752,5
6753,0
6754,2
6755,5
6756,1
6757,6
6758,1
6759,1
6760,3
6761,3
6762,7
6763,0
6764,0
6765,5
6766,1
6767,0
6768,0
6769,0
6770,1
6771,1
6772,9
6773,0
6774,5
6775,2
6776,1
6777,0
6778,4
6779,0
6780,3
6781,5
6782,1
6783,3
6784,0
6785,2
6786,1
6787,5
6788,0
6789,6
6790,0
6791,0
6792,1
6793,0
6794,2
6795,0
6796,3
6797,5
6798,0
6799,5
6800,6
6801,0
6802,2
6803,1
6804,0
6805,4
6806,2
6807,2
6808,1
6809,4
6810,4
6811,0
6812,1
6813,3
6814,0
6815,2
6816,6
6817,3
6818,1
6819,1
6820,2
6821,0
6822,5
6823,6
6824,0
6825,6
6826,1
6827,9
6828,3
6829,0
6830,6
6831,3
6832,3
6833,7
6834,5
6835,0
6836,0
6837,0
6838,5
6839,5
6840,5
6841,1
6842,4
6843,5
6844,3
6845,1
6846,2
6847,7
6848,4
6849,5
6850,4
6851,2
6852,6
6853,3
6854,7
6855,5
6856,5
6857,3
6858,2
6859,1
6860,2
6861,3
6862,2
6863,3
6864,2
6865,1
6866,0
6867,7
6868,1
6869,6
6870,6
6871,3
6872,0
6873,0
6874,5
6875,2
6876,4
6877,6
6878,5
6879,3
6880,1
6881,0
6882,1
6883,5
6884,0
6885,3
6886,1
6887,0
6888,1
6889,2
6890,5
6891,0
6892,1
6893,1
6894,6
6895,0
6896,3
6897,8
6898,0
6899,5
6900,5
6901,0
6902,0
6903,5
6904,5
6905,0
6906,2
6907,1
6908,6
6909,0
6910,0
6911,0
6912,7
6913,0
6914,2
6915,8
6916,0
6917,1
6918,0
6919,0
6920,0
6921,1
6922,5
6923,5
6924,0
6925,0
6926,2
6927,3
6928,3
6929,6
6930,2
6931,2
6932,0
6933,0
6934,1
6935,0
6936,0
6937,0
6938,0
6939,4
6940,0
6941,7
6942,0
6943,5
6944,2
6945,5
6946,5
6947,1
6948,9
6949,0
6950,1
6951,1
6952,0
6953,3
6954,6
6955,1
6956,7
6957,5
6958,1
6959,0
6960,1
6961,0
6962,8
6963,1
6964,0
6965,5
6966,0
6967,0
6968,3
6969,0
6970,5
6971,9
6972,2
6973,1
6974,7
6975,5
6976,5
6977,5
6978,0
6979,1
6980,3
6981,3
6982,9
6983,0
6984,1
6985,1
6986,0
6987,0
6988,0
6989,2
6990,1
6991,8
6992,3
6993,2
6994,1
6995,2
6996,0
6997,5
6998,5
6999,2
7000,5
7001,0
7002,1
7003,9
7004,2
7005,5
7006,3
7007,6
7008,3
7009,0
7010,9
7011,5
7012,5
7013,2
7014,4
7015,5
7016,1
7017,4
7018,0
7019,0
7020,6
7021,1
7022,0
7023,3
7024,0
7025,5
7026,6
7027,1
7028,3
7029,5
7030,0
7031,1
7032,1
7033,0
7034,0
7035,4
7036,2
7037,1
7038,3
7039,3
7040,0
7041,3
7042,3
7043,1
7044,0
7045,0
7046,7
7047,1
7048,0
7049,0
7050,6
7051,1
7052,6
7053,0
7054,1
7055,0
7056,4
7057,0
7058,0
7059,2
7060,0
7061,2
7062,2
7063,7
7064,5
7065,3
7066,5
7067,3
7068,0
7069,0
7070,0
7071,1
7072,0
7073,1
7074,6
7075,0
7076,0
7077,5
7078,5
7079,5
7080,3
7081,2
7082,1
7083,3
7084,5
7085,2
7086,2
7087,1
7088,3
7089,4
7090,2
7091,1
7092,0
7093,0
7094,8
7095,8
7096,0
7097,0
7098,3
7099,1
7100,2
7101,0
7102,3
7103,3
7104,1
7105,0
7106,8
7107,7
7108,4
7109,3
7110,2
7111,0
7112,0
7113,0
7114,1
7115,9
7116,1
7117,0
7118,1
7119,0
7120,3
7121,0
7122,2
7123,2
7124,5
7125,2
7126,0
7127,7
7128,1
7129,0
7130,0
7131,1
7132,8
7133,4
7134,2
7135,3
7136,1
7137,3
7138,0
7139,9
7140,2
7141,2
7142,7
7143,5
7144,5
7145,5
7146,1
7147,6
7148,0
7149,4
7150,9
7151,0
7152,1
7153,7
7154,2
7155,3
7156,6
7157,1
7158,2
7159,0
7160,1
7161,9
7162,7
7163,0
7164,0
7165,1
7166,0
7167,0
7168,0
7169,1
7170,1
7171,1
7172,2
7173,3
7174,1
7175,1
7176,0
7177,0
7178,2
7179,0
7180,0
7181,2
7182,6
7183,3
7184,4
7185,4
7186,0
7187,5
7188,0
7189,7
7190,5
7191,1
7192,7
7193,7
7194,0
7195,6
7196,0
7197,0
7198,1
7199,2
7200,0
7201,4
7202,0
7203,1
7204,5
7205,2
7206,2
7207,6
7208,0
7209,0
7210,2
7211,0
7212,0
7213,4
7214,1
7215,0
7216,5
7217,5
7218,0
7219,1
7220,3
7221,1
7222,0
7223,2
7224,1
7225,3
7226,0
7227,5
7228,1
7229,5
7230,0
7231,3
7232,0
7233,2
7234,0
7235,2
7236,3
7237,9
7238,0
7239,0
7240,0
7241,2
7242,2
7243,3
7244,3
7245,0
7246,0
7247,0
7248,5
7249,0
7250,3
7251,2
7252,5
7253,5
7254,3
7255,6
7256,7
7257,6
7258,5
7259,4
7260,2
7261,3
7262,2
7263,0
7264,4
7265,0
7266,5
7267,0
7268,5
7269,5
7270,1
7271,9
7272,3
7273,5
7274,0
7275,1
7276,3
7277,1
7278,1
7279,2
7280,0
7281,3
7282,2
7283,0
7284,0
7285,2
7286,0
7287,1
7288,4
7289,0
7290,0
7291,5
7292,0
7293,0
7294,2
7295,5
7296,4
7297,3
7298,1
7299,5
7300,5
7301,1
7302,4
7303,0
7304,1
7305,6
7306,0
7307,6
7308,1
7309,2
7310,0
7311,3
7312,2
7313,0
7314,1
7315,2
7316,5
7317,5
7318,3
7319,3
7320,0
7321,1
7322,3
7323,2
7324,0
7325,0
7326,0
7327,0
7328,0
7329,6
7330,3
7331,8
7332,0
7333,2
7334,1
7335,3
7336,1
7337,0
7338,5
7339,1
7340,3
7341,0
7342,3
7343,1
7344,3
7345,4
7346,2
7347,3
7348,0
7349,3
7350,2
7351,4
7352,0
7353,0
7354,2
7355,0
7356,0
7357,2
7358,0
7359,5
7360,0
7361,2
7362,1
7363,0
7364,0
7365,4
7366,0
7367,3
7368,1
7369,1
7370,0
7371,0
7372,3
7373,3
7374,1
7375,3
7376,6
7377,1
7378,5
7379,3
7380,0
7381,0
7382,1
7383,1
7384,5
7385,4
7386,0
7387,0
7388,1
7389,0
7390,0
7391,1
7392,3
7393,5
7394,2
7395,0
7396,2
7397,0
7398,0
7399,0
7400,7
7401,0
7402,4
7403,1
7404,5
7405,2
7406,2
7407,5
7408,0
7409,6
7410,3
7411,0
7412,0
7413,1
7414,5
7415,2
7416,1
7417,2
7418,7
7419,2
7420,4
7421,0
7422,2
7423,0
7424,3
7425,5
7426,5
7427,0
7428,3
7429,3
7430,2
7431,0
7432,5
7433,5
7434,1
7435,2
7436,2
7437,5
7438,1
7439,8
7440,2
7441,1
7442,4
7443,4
7444,6
7445,3
7446,1
7447,4
7448,0
7449,2
7450,6
7451,2
7452,1
7453,0
7454,0
7455,4
7456,3
7457,2
7458,0
7459,0
7460,2
7461,0
7462,5
7463,0
7464,2
7465,7
7466,1
7467,1
7468,6
7469,0
7470,4
7471,5
7472,5
7473,1
7474,3
7475,0
7476,0
7477,5
7478,6
7479,4
7480,2
7481,5
7482,2
7483,3
7484,0
7485,5
7486,4
7487,3
7488,2
7489,3
7490,2
7491,0
7492,6
7493,0
7494,7
7495,0
7496,0
7497,5
7498,5
7499,3
7500,2
7501,4
7502,5
7503,0
7504,2
7505,6
7506,8
7507,0
7508,0
7509,0
7510,1
7511,1
7512,7
7513,6
7514,3
7515,5
7516,1
7517,3
7518,2
7519,4
7520,1
7521,6
7522,6
7523,2
7524,0
7525,0
7526,1
7527,4
7528,0
7529,6
7530,0
7531,1
7532,4
7533,0
7534,5
7535,2
7536,3
7537,1
7538,1
7539,3
7540,1
7541,0
7542,0
7543,0
7544,7
7545,0
7546,0
7547,3
7548,5
7549,1
7550,1
7551,1
7552,2
7553,4
7554,1
7555,5
7556,0
7557,0
7558,5
7559,8
7560,4
7561,0
7562,0
7563,4
7564,0
7565,1
7566,6
7567,4
7568,1
7569,6
7570,5
7571,4
7572,2
7573,5
7574,5
7575,0
7576,0
7577,3
7578,1
7579,0
7580,1
7581,2
7582,4
7583,5
7584,5
7585,0
7586,0
7587,0
7588,0
7589,1
7590,3
7591,0
7592,3
7593,3
7594,5
7595,1
7596,5
7597,6
7598,3
7599,0
7600,6
7601,0
7602,0
7603,2
7604,2
7605,2
7606,7
7607,3
7608,2
7609,5
7610,1
7611,3
7612,0
7613,2
7614,3
7615,2
7616,0
7617,4
7618,4
7619,5
7620,1
7621,7
7622,4
7623,1
7624,2
7625,3
7626,0
7627,3
7628,2
7629,6
7630,1
7631,2
7632,1
7633,0
7634,0
7635,0
7636,0
7637,8
7638,1
7639,4
7640,0
7641,1
7642,2
7643,7
7644,2
7645,4
7646,1
7647,1
7648,5
7649,5
7650,0
7651,1
7652,1
7653,3
7654,2
7655,5
7656,0
7657,0
7658,0
7659,1
7660,4
7661,3
7662,2
7663,2
7664,1
7665,3
7666,3
7667,5
7668,5
7669,2
7670,2
7671,3
7672,0
7673,1
7674,1
7675,2
7676,5
7677,3
7678,6
7679,5
7680,3
7681,0
7682,2
7683,5
7684,2
7685,5
7686,8
7687,2
7688,3
7689,1
7690,1
7691,6
7692,3
7693,3
7694,2
7695,5
7696,6
7697,0
7698,6
7699,1
7700,1
7701,8
7702,7
7703,7
7704,1
7705,6
7706,2
7707,4
7708,4
7709,4
7710,0
7711,0
7712,3
7713,8
7714,2
7715,1
7716,3
7717,2
7718,1
7719,2
7720,0
7721,5
7722,4
7723,1
7724,4
7725,3
7726,0
7727,8
7728,2
7729,8
7730,2
7731,3
7732,0
7733,0
7734,2
7735,0
7736,2
7737,2
7738,1
7739,2
7740,2
7741,4
7742,5
7743,2
7744,0
7745,3
7746,1
7747,1
7748,6
7749,0
7750,1
7751,3
7752,2
7753,4
7754,4
7755,5
7756,5
7757,1
7758,0
7759,0
7760,6
7761,0
7762,4
7763,4
7764,3
7765,6
7766,0
7767,4
7768,0
7769,4
7770,0
7771,3
7772,6
7773,0
7774,2
7775,1
7776,3
7777,0
7778,6
7779,1
7780,1
7781,3
7782,3
7783,2
7784,3
7785,5
7786,1
7787,3
7788,3
7789,2
7790,7
7791,2
7792,8
7793,5
7794,0
7795,0
7796,1
7797,5
7798,1
7799,2
7800,7
7801,6
7802,0
7803,3
7804,3
7805,4
7806,5
7807,1
7808,0
7809,6
7810,3
7811,2
7812,0
7813,0
7814,1
7815,6
7816,5
7817,0
7818,0
7819,0
7820,4
7821,0
7822,2
7823,2
7824,1
7825,2
7826,1
7827,3
7828,3
7829,4
7830,0
7831,6
7832,1
7833,4
7834,5
7835,3
7836,6
7837,5
7838,1
7839,2
7840,6
7841,7
7842,7
7843,4
7844,2
7845,1
7846,5
7847,3
7848,1
7849,0
7850,0
7851,1
7852,1
7853,1
7854,0
7855,1
7856,1
7857,2
7858,4
7859,3
7860,0
7861,6
7862,0
7863,0
7864,1
7865,2
7866,5
7867,5
7868,0
7869,0
7870,0
7871,1
7872,2
7873,4
7874,6
7875,3
7876,3
7877,1
7878,0
7879,4
7880,2
7881,0
7882,5
7883,0
7884,1
7885,8
7886,3
7887,1
7888,8
7889,3
7890,7
7891,1
7892,3
7893,3
7894,0
7895,2
7896,0
7897,5
7898,2
7899,8
7900,8
7901,0
7902,0
7903,7
7904,1
7905,6
7906,0
7907,2
7908,6
7909,1
7910,5
7911,8
7912,1
7913,1
7914,7
7915,5
7916,3
7917,0
7918,2
7919,4
7920,5
7921,0
7922,3
7923,4
7924,3
7925,2
7926,3
7927,8
7928,4
7929,1
7930,0
7931,6
7932,1
7933,2
7934,1
7935,2
7936,1
7937,1
7938,2
7939,1
7940,2
7941,4
7942,0
7943,1
7944,6
7945,4
7946,5
7947,0
7948,2
7949,7
7950,1
7951,1
7952,0
7953,4
7954,0
7955,1
7956,2
7957,5
7958,1
7959,0
7960,8
7961,0
7962,1
7963,1
7964,1
7965,2
7966,0
7967,0
7968,3
7969,0
7970,2
7971,3
7972,2
7973,1
7974,1
7975,3
7976,4
7977,1
7978,1
7979,1
7980,0
7981,1
7982,2
7983,4
7984,1
7985,0
7986,5
7987,3
7988,1
7989,0
7990,1
7991,1
7992,0
7993,0
7994,1
7995,0
7996,1
7997,1
7998,6
7999,6
8000,3
8001,0
8002,2
8003,1
8004,1
8005,1
8006,0
8007,2
8008,0
8009,2
8010,0
8011,1
8012,0
8013,1
8014,1
8015,1
8016,0
8017,0
8018,1
8019,3
8020,2
8021,4
8022,1
8023,1
8024,1
8025,2
8026,0
8027,3
8028,0
8029,2
8030,3
8031,5
8032,0
8033,0
8034,5
8035,4
8036,1
8037,6
8038,3
8039,1
8040,3
8041,5
8042,1
8043,3
8044,2
8045,0
8046,2
8047,3
8048,1
8049,0
8050,1
8051,0
8052,1
8053,3
8054,1
8055,1
8056,7
8057,1
8058,0
8059,1
8060,0
8061,5
8062,0
8063,4
8064,7
8065,3
8066,8
8067,5
8068,5
8069,3
8070,5
8071,4
8072,1
8073,4
8074,0
8075,0
8076,8
8077,2
8078,2
8079,1
8080,1
8081,4
8082,1
8083,6
8084,3
8085,4
8086,1
8087,0
8088,1
8089,1
8090,3
8091,0
8092,0
8093,3
8094,2
8095,2
8096,0
8097,9
8098,2
8099,2
8100,0
8101,2
8102,1
8103,6
8104,1
8105,3
8106,6
8107,5
8108,4
8109,3
8110,1
8111,0
8112,7
8113,1
8114,5
8115,2
8116,3
8117,2
8118,2
8119,6
8120,0
8121,2
8122,2
8123,4
8124,3
8125,2
8126,7
8127,2
8128,3
8129,4
8130,6
8131,3
8132,3
8133,5
8134,1
8135,0
8136,6
8137,0
8138,1
8139,5
8140,3
8141,2
8142,1
8143,2
8144,2
8145,1
8146,4
8147,4
8148,5
8149,4
8150,1
8151,2
8152,2
8153,3
8154,0
8155,3
8156,5
8157,0
8158,0
8159,1
8160,1
8161,5
8162,0
8163,3
8164,0
8165,5
8166,1
8167,0
8168,4
8169,1
8170,3
8171,2
8172,0
8173,1
8174,4
8175,1
8176,2
8177,5
8178,1
8179,1
8180,3
8181,1
8182,3
8183,2
8184,0
8185,2
8186,8
8187,1
8188,0
8189,6
8190,1
8191,6
8192,1
8193,8
8194,5
8195,1
8196,3
8197,1
8198,3
8199,0
8200,4
8201,1
8202,0
8203,3
8204,0
8205,1
8206,1
8207,2
8208,1
8209,2
8210,1
8211,5
8212,3
8213,3
8214,4
8215,1
8216,4
8217,0
8218,6
8219,1
8220,2
8221,6
8222,3
8223,0
8224,0
8225,0
8226,3
8227,1
8228,0
8229,2
8230,8
8231,3
8232,1
8233,1
8234,1
8235,2
8236,2
8237,4
8238,6
8239,3
8240,0
8241,5
8242,2
8243,3
8244,1
8245,1
8246,3
8247,4
8248,6
8249,4
8250,8
8251,8
8252,6
8253,2
8254,2
8255,0
8256,2
8257,6
8258,1
8259,5
8260,2
8261,6
8262,0
8263,0
8264,4
8265,1
8266,9
8267,3
8268,2
8269,4
8270,5
8271,0
8272,1
8273,1
8274,1
8275,3
8276,0
8277,0
8278,2
8279,4
8280,5
8281,5
8282,1
8283,1
8284,4
8285,1
8286,2
8287,0
8288,0
8289,7
8290,6
8291,2
8292,5
8293,5
8294,0
8295,5
8296,2
8297,4
8298,1
8299,1
8300,1
8301,3
8302,2
8303,5
8304,4
8305,4
8306,3
8307,1
8308,1
8309,0
8310,6
8311,3
8312,4
8313,3
8314,1
8315,4
8316,1
8317,4
8318,3
8319,2
8320,5
8321,1
8322,4
8323,0
8324,1
8325,3
8326,2
8327,3
8328,1
8329,6
8330,1
8331,3
8332,2
8333,1
8334,1
8335,3
8336,3
8337,1
8338,2
8339,0
8340,5
8341,5
8342,5
8343,3
8344,4
8345,4
8346,3
8347,0
8348,1
8349,3
8350,1
8351,1
8352,4
8353,2
8354,5
8355,0
8356,3
8357,1
8358,4
8359,3
8360,0
8361,3
8362,2
8363,3
8364,0
8365,5
8366,5
8367,4
8368,5
8369,6
8370,6
8371,4
8372,4
8373,1
8374,2
8375,1
8376,2
8377,4
8378,4
8379,2
8380,1
8381,0
8382,3
8383,1
8384,1
8385,1
8386,6
8387,5
8388,5
8389,0
8390,3
8391,1
8392,5
8393,2
8394,0
8395,5
8396,5
8397,5
8398,5
8399,1
8400,1
8401,1
8402,2
8403,6
8404,4
8405,4
8406,1
8407,2
8408,0
8409,5
8410,1
8411,1
8412,2
8413,0
8414,1
8415,1
8416,1
8417,2
8418,3
8419,1
8420,0
8421,1
8422,0
8423,3
8424,3
8425,1
8426,2
8427,4
8428,4
8429,5
8430,5
8431,5
8432,0
8433,1
8434,1
8435,2
8436,4
8437,1
8438,0
8439,0
8440,6
8441,4
8442,3
8443,2
8444,5
8445,3
8446,1
8447,5
8448,2
8449,5
8450,5
8451,0
8452,3
8453,4
8454,1
8455,2
8456,5
8457,1
8458,2
8459,6
8460,3
8461,5
8462,3
8463,3
8464,2
8465,1
8466,8
8467,0
8468,5
8469,2
8470,4
8471,1
8472,2
8473,5
8474,0
8475,0
8476,5
8477,4
8478,1
8479,1
8480,2
8481,5
8482,4
8483,0
8484,5
8485,5
8486,0
8487,6
8488,1
8489,1
8490,0
8491,5
8492,0
8493,2
8494,5
8495,1
8496,4
8497,4
8498,3
8499,1
8500,1
8501,2
8502,1
8503,4
8504,5
8505,4
8506,3
8507,6
8508,5
8509,6
8510,4
8511,4
8512,6
8513,4
8514,4
8515,3
8516,5
8517,5
8518,5
8519,4
8520,6
8521,3
8522,0
8523,5
8524,4
8525,2
8526,5
8527,0
8528,1
8529,1
8530,0
8531,2
8532,0
8533,4
8534,5
8535,3
8536,2
8537,1
8538,2
8539,3
8540,5
8541,3
8542,3
8543,1
8544,6
8545,5
8546,5
8547,3
8548,6
8549,0
8550,0
8551,5
8552,5
8553,5
8554,0
8555,1
8556,0
8557,5
8558,1
8559,2
8560,6
8561,5
8562,1
8563,1
8564,5
8565,1
8566,4
8567,4
8568,8
8569,7
8570,3
8571,7
8572,5
8573,6
8574,3
8575,5
8576,5
8577,5
8578,0
8579,4
8580,1
8581,5
8582,5
8583,0
8584,1
8585,1
8586,4
8587,5
8588,2
8589,3
8590,0
8591,0
8592,1
8593,4
8594,5
8595,5
8596,4
8597,6
8598,0
8599,5
8600,2
8601,2
8602,1
8603,3
8604,4
8605,3
8606,5
8607,1
8608,1
8609,2
8610,0
8611,6
8612,4
8613,1
8614,4
8615,8
8616,5
8617,3
8618,4
8619,1
8620,5
8621,0
8622,0
8623,0
8624,4
8625,4
8626,1
8627,5
8628,2
8629,1
8630,0
8631,5
8632,0
8633,3
8634,4
8635,6
8636,0
8637,4
8638,1
8639,2
8640,1
8641,4
8642,4
8643,2
8644,1
8645,0
8646,0
8647,0
8648,1
8649,2
8650,2
8651,4
8652,3
8653,2
8654,0
8655,5
8656,3
8657,1
8658,5
8659,1
8660,1
8661,5
8662,5
8663,5
8664,2
8665,2
8666,0
8667,1
8668,1
8669,3
8670,6
8671,4
8672,1
8673,4
8674,4
8675,6
8676,4
8677,0
8678,0
8679,0
8680,6
8681,4
8682,1
8683,1
8684,1
8685,0
8686,5
8687,2
8688,8
8689,1
8690,3
8691,1
8692,2
8693,6
8694,1
8695,3
8696,3
8697,3
8698,0
8699,4
8700,1
8701,1
8702,5
8703,6
8704,0
8705,1
8706,5
8707,4
8708,2
8709,2
8710,1
8711,0
8712,3
8713,0
8714,0
8715,3
8716,1
8717,1
8718,5
8719,4
8720,0
8721,2
8722,6
8723,2
8724,3
8725,1
8726,2
8727,4
8728,0
8729,0
8730,5
8731,2
8732,4
8733,1
8734,3
8735,1
8736,3
8737,3
8738,1
8739,8
8740,1
8741,3
8742,3
8743,3
8744,1
8745,1
8746,0
8747,5
8748,0
8749,6
8750,2
8751,0
8752,0
8753,1
8754,3
8755,3
8756,6
8757,2
8758,2
8759,4
8760,8
8761,7
8762,4
8763,4
8764,2
8765,1
8766,4
8767,3
8768,0
8769,2
8770,3
8771,0
8772,1
8773,4
8774,4
8775,4
8776,4
8777,2
8778,2
8779,0
8780,0
8781,1
8782,3
8783,3
8784,8
8785,5
8786,1
8787,5
8788,6
8789,2
8790,8
8791,3
8792,0
8793,3
8794,2
8795,1
8796,1
8797,5
8798,6
8799,4
8800,0
8801,4
8802,3
8803,4
8804,3
8805,1
8806,0
8807,2
8808,1
8809,5
8810,5
8811,2
8812,0
8813,5
8814,0
8815,2
8816,0
8817,5
8818,1
8819,1
8820,0
8821,2
8822,3
8823,0
8824,1
8825,1
8826,5
8827,6
8828,5
8829,1
8830,0
8831,5
8832,1
8833,1
8834,4
8835,0
8836,0
8837,2
8838,2
8839,4
8840,6
8841,0
8842,1
8843,0
8844,6
8845,1
8846,0
8847,0
8848,2
8849,3
8850,0
8851,5
8852,1
8853,5
8854,1
8855,3
8856,1
8857,3
8858,3
8859,0
8860,4
8861,5
8862,2
8863,3
8864,2
8865,5
8866,0
8867,2
8868,5
8869,4
8870,3
8871,2
8872,0
8873,1
8874,0
8875,0
8876,7
8877,0
8878,1
8879,1
8880,0
8881,2
8882,0
8883,1
8884,5
8885,1
8886,3
8887,8
8888,2
8889,1
8890,1
8891,2
8892,0
8893,0
8894,5
8895,2
8896,1
8897,3
8898,3
8899,1
8900,0
8901,5
8902,4
8903,3
8904,1
8905,5
8906,2
8907,0
8908,0
8909,4
8910,0
8911,4
8912,3
8913,0
8914,0
8915,5
8916,6
8917,6
8918,5
8919,4
8920,4
8921,1
8922,6
8923,2
8924,3
8925,1
8926,0
8927,3
8928,1
8929,0
8930,2
8931,4
8932,2
8933,6
8934,3
8935,4
8936,1
8937,3
8938,0
8939,5
8940,4
8941,0
8942,4
8943,1
8944,3
8945,3
8946,0
8947,2
8948,2
8949,0
8950,3
8951,1
8952,6
8953,5
8954,0
8955,8
8956,1
8957,4
8958,2
8959,1
8960,6
8961,2
8962,4
8963,6
8964,1
8965,1
8966,2
8967,2
8968,0
8969,5
8970,3
8971,4
8972,7
8973,0
8974,4
8975,6
8976,1
8977,1
8978,5
8979,4
8980,2
8981,8
8982,3
8983,6
8984,1
8985,3
8986,3
8987,5
8988,0
8989,0
8990,1
8991,3
8992,3
8993,1
8994,0
8995,3
8996,0
8997,2
8998,4
8999,0
9000,2
9001,1
9002,0
9003,5
9004,1
9005,8
9006,0
9007,5
9008,6
9009,8
9010,2
9011,4
9012,6
9013,5
9014,0
9015,2
9016,7
9017,1
9018,1
9019,4
9020,4
9021,2
9022,3
9023,3
9024,0
9025,3
9026,2
9027,3
9028,0
9029,4
9030,6
9031,0
9032,0
9033,1
9034,1
9035,0
9036,5
9037,4
9038,3
9039,3
9040,0
9041,5
9042,6
9043,7
9044,7
9045,4
9046,6
9047,0
9048,0
9049,1
9050,3
9051,4
9052,5
9053,4
9054,3
9055,0
9056,0
9057,0
9058,0
9059,3
9060,0
9061,0
9062,4
9063,2
9064,3
9065,6
9066,1
9067,2
9068,0
9069,6
9070,4
9071,0
9072,3
9073,6
9074,7
9075,1
9076,5
9077,0
9078,0
9079,3
9080,4
9081,0
9082,3
9083,3
9084,0
9085,4
9086,2
9087,0
9088,0
9089,2
9090,8
9091,4
9092,3
9093,0
9094,2
9095,4
9096,1
9097,1
9098,0
9099,2
9100,6
9101,4
9102,3
9103,5
9104,1
9105,0
9106,0
9107,3
9108,2
9109,0
9110,1
9111,3
9112,6
9113,2
9114,4
9115,2
9116,2
9117,1
9118,4
9119,1
9120,4
9121,3
9122,0
9123,0
9124,0
9125,5
9126,1
9127,0
9128,3
9129,3
9130,1
9131,1
9132,1
9133,1
9134,1
9135,0
9136,4
9137,2
9138,1
9139,2
9140,1
9141,0
9142,0
9143,2
9144,2
9145,4
9146,6
9147,3
9148,2
9149,3
9150,3
9151,4
9152,4
9153,0
9154,2
9155,1
9156,3
9157,0
9158,3
9159,1
9160,0
9161,3
9162,1
9163,0
9164,2
9165,1
9166,1
9167,1
9168,5
9169,3
9170,0
9171,3
9172,8
9173,2
9174,1
9175,0
9176,3
9177,7
9178,6
9179,0
9180,0
9181,4
9182,1
9183,3
9184,2
9185,0
9186,0
9187,0
9188,4
9189,0
9190,5
9191,1
9192,3
9193,0
9194,2
9195,0
9196,0
9197,3
9198,0
9199,0
9200,0
9201,0
9202,0
9203,0
9204,2
9205,6
9206,0
9207,1
9208,2
9209,0
9210,0
9211,3
9212,2
9213,4
9214,2
9215,1
9216,5
9217,0
9218,1
9219,2
9220,0
9221,0
9222,2
9223,1
9224,1
9225,0
9226,1
9227,2
9228,4
9229,4
9230,0
9231,1
9232,2
9233,3
9234,2
9235,1
9236,1
9237,2
9238,1
9239,0
9240,3
9241,3
9242,6
9243,0
9244,0
9245,5
9246,2
9247,3
9248,6
9249,0
9250,4
9251,3
9252,2
9253,1
9254,2
9255,0
9256,2
9257,1
9258,0
9259,3
9260,7
9261,4
9262,1
9263,3
9264,2
9265,3
9266,3
9267,2
9268,1
9269,0
9270,3
9271,1
9272,0
9273,0
9274,5
9275,0
9276,0
9277,0
9278,3
9279,3
9280,3
9281,3
9282,6
9283,0
9284,3
9285,1
9286,3
9287,1
9288,1
9289,6
9290,0
9291,3
9292,1
9293,0
9294,6
9295,0
9296,0
9297,3
9298,0
9299,0
9300,2
9301,2
9302,0
9303,0
9304,1
9305,1
9306,3
9307,1
9308,0
9309,2
9310,6
9311,0
9312,1
9313,2
9314,5
9315,3
9316,1
9317,1
9318,2
9319,4
9320,6
9321,2
9322,0
9323,6
9324,2
9325,0
9326,3
9327,5
9328,5
9329,1
9330,6
9331,0
9332,3
9333,0
9334,3
9335,3
9336,4
9337,0
9338,6
9339,1
9340,5
9341,1
9342,0
9343,0
9344,1
9345,2
9346,1
9347,2
9348,7
9349,1
9350,1
9351,0
9352,1
9353,8
9354,0
9355,0
9356,0
9357,2
9358,4
9359,0
9360,3
9361,1
9362,0
9363,0
9364,5
9365,1
9366,0
9367,3
9368,0
9369,1
9370,1
9371,2
9372,5
9373,6
9374,5
9375,0
9376,6
9377,0
9378,8
9379,3
9380,2
9381,0
9382,4
9383,2
9384,6
9385,3
9386,0
9387,2
9388,4
9389,3
9390,7
9391,2
9392,2
9393,6
9394,2
9395,0
9396,4
9397,0
9398,2
9399,0
9400,1
9401,0
9402,6
9403,3
9404,0
9405,5
9406,9
9407,1
9408,3
9409,3
9410,3
9411,1
9412,4
9413,3
9414,1
9415,4
9416,0
9417,1
9418,5
9419,3
9420,0
9421,0
9422,2
9423,0
9424,3
9425,2
9426,0
9427,0
9428,5
9429,2
9430,2
9431,5
9432,2
9433,2
9434,2
9435,1
9436,0
9437,1
9438,3
9439,2
9440,1
9441,1
9442,6
9443,3
9444,3
9445,6
9446,0
9447,3
9448,1
9449,8
9450,6
9451,2
9452,6
9453,2
9454,5
9455,0
9456,0
9457,0
9458,1
9459,3
9460,2
9461,1
9462,6
9463,4
9464,2
9465,1
9466,2
9467,0
9468,2
9469,2
9470,0
9471,6
9472,6
9473,4
9474,0
9475,2
9476,1
9477,0
9478,0
9479,6
9480,0
9481,1
9482,2
9483,3
9484,2
9485,1
9486,0
9487,0
9488,1
9489,1
9490,2
9491,1
9492,0
9493,1
9494,3
9495,0
9496,0
9497,0
9498,2
9499,1
9500,9
9501,1
9502,3
9503,3
9504,1
9505,0
9506,3
9507,2
9508,2
9509,3
9510,0
9511,1
9512,4
9513,2
9514,6
9515,0
9516,0
9517,4
9518,3
9519,1
9520,3
9521,2
9522,3
9523,0
9524,2
9525,0
9526,0
9527,0
9528,7
9529,2
9530,0
9531,2
9532,3
9533,4
9534,1
9535,1
9536,1
9537,0
9538,1
9539,2
9540,2
9541,3
9542,6
9543,3
9544,0
9545,3
9546,2
9547,2
9548,2
9549,2
9550,2
9551,2
9552,0
9553,4
9554,2
9555,1
9556,2
9557,1
9558,4
9559,3
9560,3
9561,0
9562,3
9563,1
9564,0
9565,6
9566,1
9567,1
9568,2
9569,0
9570,0
9571,0
9572,3
9573,3
9574,9
9575,4
9576,0
9577,0
9578,0
9579,1
9580,1
9581,0
9582,0
9583,4
9584,3
9585,0
9586,2
9587,1
9588,2
9589,0
9590,0
9591,0
9592,2
9593,3
9594,0
9595,3
9596,0
9597,2
9598,0
9599,6
9600,3
9601,4
9602,0
9603,1
9604,1
9605,3
9606,1
9607,1
9608,1
9609,4
9610,4
9611,6
9612,3
9613,2
9614,0
9615,0
9616,3
9617,6
9618,4
9619,0
9620,0
9621,3
9622,6
9623,0
9624,2
9625,6
9626,2
9627,3
9628,2
9629,1
9630,0
9631,2
9632,2
9633,3
9634,3
9635,3
9636,1
9637,1
9638,4
9639,2
9640,1
9641,6
9642,3
9643,2
9644,0
9645,0
9646,3
9647,1
9648,2
9649,0
9650,3
9651,4
9652,3
9653,4
9654,2
9655,0
9656,0
9657,1
9658,6
9659,0
9660,0
9661,3
9662,4
9663,0
9664,0
9665,2
9666,6
9667,3
9668,0
9669,3
9670,6
9671,6
9672,4
9673,0
9674,1
9675,2
9676,3
9677,4
9678,0
9679,1
9680,1
9681,3
9682,2
9683,0
9684,1
9685,0
9686,2
9687,2
9688,7
9689,1
9690,6
9691,0
9692,0
9693,2
9694,4
9695,0
9696,4
9697,0
9698,6
9699,1
9700,1
9701,4
9702,8
9703,1
9704,0
9705,0
9706,1
9707,1
9708,2
9709,0
9710,9
9711,3
9712,0
9713,1
9714,3
9715,4
9716,2
9717,2
9718,3
9719,4
9720,1
9721,1
9722,1
9723,1
9724,1
9725,4
9726,2
9727,2
9728,1
9729,2
9730,0
9731,3
9732,4
9733,1
9734,2
9735,1
9736,0
9737,4
9738,4
9739,3
9740,4
9741,2
9742,3
9743,3
9744,4
9745,0
9746,4
9747,2
9748,1
9749,8
9750,8
9751,2
9752,2
9753,1
9754,0
9755,4
9756,7
9757,5
9758,0
9759,0
9760,1
9761,3
9762,2
9763,1
9764,3
9765,3
9766,4
9767,1
9768,3
9769,1
9770,0
9771,1
9772,1
9773,2
9774,0
9775,1
9776,1
9777,0
9778,0
9779,1
9780,1
9781,1
9782,2
9783,2
9784,0
9785,1
9786,2
9787,4
9788,1
9789,3
9790,0
9791,5
9792,2
9793,0
9794,9
9795,2
9796,2
9797,2
9798,3
9799,0
9800,0
9801,6
9802,1
9803,1
9804,3
9805,4
9806,3
9807,4
9808,0
9809,2
9810,0
9811,6
9812,1
9813,3
9814,1
9815,1
9816,2
9817,0
9818,0
9819,5
9820,1
9821,0
9822,4
9823,3
9824,2
9825,1
9826,1
9827,2
9828,3
9829,1
9830,3
9831,3
9832,9
9833,1
9834,0
9835,0
9836,3
9837,3
9838,0
9839,1
9840,0
9841,2
9842,1
9843,1
9844,6
9845,4
9846,6
9847,0
9848,1
9849,1
9850,6
