﻿cluster_no,celltype
1,choroid plexus
2,Endothelial
3,Excitatory layer II
4,Excitatory layer 5/6
5,Excitatory layer 5/6
6,Excitatory layer 4
7,Interneuron
8,NSC
9,Excitatory layer 3
10,Astrocytes superficial
11,Excitatory 5/6
12,Neuroblast
13,Excitatory layer 3
14,NSC
15,Neural progenitors
16,Oligodendrocytes
17,Neuroblasts
18,Excitatory layer 5/6
19,Astrocytes deep 
20,Microglia
21,Neuroblast
22,Ependymal
23,Interneurons deep
24,Neural progenitors
25,OPC
26,unannotated
